城市,站点名称,lng,lat,id,name,正反线路
城市,站点名称,lng,lat,id,name,正反线路
城市,站点名称,lng,lat,id,name,正反线路
大连,黄河桥,121.56188446977134,38.91036382033706,BV10101755,10路区间(早高峰)(黄河桥--数码广场),1
大连,熟食品交易中心,121.55787107147626,38.9031962421941,BV10101754,10路区间(早高峰)(黄河桥--数码广场),1
大连,净水厂,121.55713426425874,38.89614122314858,BV09039080,10路区间(早高峰)(黄河桥--数码广场),1
大连,知邻园,121.551146679434,38.89257526211266,BV10101764,10路区间(早高峰)(黄河桥--数码广场),1
大连,高家村,121.54798388337964,38.889941924134334,BV09332690,10路区间(早高峰)(黄河桥--数码广场),1
大连,软件园路,121.54439741799492,38.88753521740147,BV10101751,10路区间(早高峰)(黄河桥--数码广场),1
大连,软件园,121.53669676112527,38.88642511280414,BV10101750,10路区间(早高峰)(黄河桥--数码广场),1
大连,数码广场,121.53956884191265,38.88377511284748,BV10101749,10路区间(早高峰)(黄河桥--数码广场),1
大连,数码广场,121.54010445920397,38.8836313734623,BV10101749,10路区间(早高峰)(数码广场--黄河桥),2
大连,软件园,121.53692047005093,38.88630869364977,BV10101750,10路区间(早高峰)(数码广场--黄河桥),2
大连,软件园路,121.54562078727247,38.88768460425878,BV10101751,10路区间(早高峰)(数码广场--黄河桥),2
大连,高家村,121.54790770320707,38.889758884101745,BV09332690,10路区间(早高峰)(数码广场--黄河桥),2
大连,知邻园,121.55221323751553,38.89313382886643,BV10101764,10路区间(早高峰)(数码广场--黄河桥),2
大连,净水厂,121.55727555961683,38.896256375508266,BV09039080,10路区间(早高峰)(数码广场--黄河桥),2
大连,熟食品交易中心,121.55819971682679,38.903711439572746,BV10101754,10路区间(早高峰)(数码广场--黄河桥),2
大连,黄河桥,121.56248755295209,38.91104123224596,BV10101755,10路区间(早高峰)(数码广场--黄河桥),2
大连,五四广场,121.58601593736104,38.912744394112494,BV10101760,8路(五四广场--姚家),1
大连,兴工街,121.58346594066994,38.915356969223225,BV10482520,8路(五四广场--姚家),1
大连,新长兴市场,121.58549584387929,38.91969512570265,BV10686606,8路(五四广场--姚家),1
大连,沙河口火车站,121.58754456782381,38.92364932170376,BV10101763,8路(五四广场--姚家),1
大连,香工街,121.58553580489853,38.92922946236274,BV10101914,8路(五四广场--姚家),1
大连,车家村,121.57992794566512,38.933471480026945,BV10101913,8路(五四广场--姚家),1
大连,春柳地铁站,121.57754534629947,38.9352509468267,BV10625533,8路(五四广场--姚家),1
大连,春柳隧道,121.5770552004744,38.94073232034797,BV09123328,8路(五四广场--姚家),1
大连,香周路,121.57232091640127,38.94462220315674,BV10102081,8路(五四广场--姚家),1
大连,高云路,121.57266610102255,38.947165976428884,BV09123929,8路(五四广场--姚家),1
大连,促进小区,121.57406154610212,38.95059109987202,BV10102079,8路(五四广场--姚家),1
大连,王家桥,121.57539968795354,38.9551404065174,BV10101907,8路(五四广场--姚家),1
大连,芙蓉小学,121.57328445740127,38.96028756014309,BV10102092,8路(五四广场--姚家),1
大连,嘉汇三中,121.5723976361196,38.965951329229966,BV10102093,8路(五四广场--姚家),1
大连,兴华路,121.5766337061072,38.96779261368753,BV10102094,8路(五四广场--姚家),1
大连,金三角,121.58297261278584,38.96868466542335,BV10101779,8路(五四广场--姚家),1
大连,千山路,121.58466893765576,38.97671240816734,BV10867877,8路(五四广场--姚家),1
大连,天河路,121.58733402078845,38.98127537830311,BV10101782,8路(五四广场--姚家),1
大连,天洋路,121.59071494871448,38.98593203688981,BV10101783,8路(五四广场--姚家),1
大连,三道沟,121.5908464802655,38.99050722988651,BV10101784,8路(五四广场--姚家),1
大连,二十三中学,121.59062398581834,38.99426289695185,BV10101785,8路(五四广场--姚家),1
大连,宏都熙景,121.5906715738035,38.9980875401314,BV10588460,8路(五四广场--姚家),1
大连,远洋自然,121.59130110052931,39.00410986014949,BV10101787,8路(五四广场--姚家),1
大连,桥南,121.59128740463515,39.01028703591094,BV10101788,8路(五四广场--姚家),1
大连,南关岭,121.59286511211279,39.016544187902454,BV10505293,8路(五四广场--姚家),1
大连,民悦广场,121.5973763394049,39.01821563744174,BV10101790,8路(五四广场--姚家),1
大连,海盛花园,121.60355583555184,39.020899858546585,BV10102095,8路(五四广场--姚家),1
大连,姚家,121.60793743318986,39.02404345549963,BV10102096,8路(五四广场--姚家),1
大连,姚家,121.60784448061301,39.02409748193694,BV10102096,8路(姚家--五四广场),2
大连,海盛花园,121.60334890997716,39.020883964950514,BV10102095,8路(姚家--五四广场),2
大连,民悦广场,121.59748831862538,39.01836751929159,BV10101790,8路(姚家--五四广场),2
大连,南关岭,121.59260105132667,39.016562179362495,BV10505293,8路(姚家--五四广场),2
大连,桥南,121.59103939361017,39.00970038457225,BV10101788,8路(姚家--五四广场),2
大连,远洋自然,121.59084901752759,39.003582157993286,BV10101787,8路(姚家--五四广场),2
大连,宏都熙景,121.59019550621893,38.99720304273969,BV10588460,8路(姚家--五四广场),2
大连,二十三中学,121.59023396399604,38.99323749364209,BV10101785,8路(姚家--五四广场),2
大连,三道沟,121.59058151267456,38.989425875107706,BV10101784,8路(姚家--五四广场),2
大连,天洋路,121.58927556239313,38.98456871567905,BV10101783,8路(姚家--五四广场),2
大连,天河路,121.58690477479044,38.98142118617389,BV10101782,8路(姚家--五四广场),2
大连,千山路,121.58462682432263,38.97747192772675,BV10867877,8路(姚家--五四广场),2
大连,金三角,121.58261647585567,38.96742927804118,BV10101779,8路(姚家--五四广场),2
大连,兴华路,121.57637339758372,38.967912354270425,BV10102094,8路(姚家--五四广场),2
大连,嘉汇三中,121.57254375579377,38.96665802887825,BV10102093,8路(姚家--五四广场),2
大连,芙蓉小学,121.57322542676695,38.95986676533221,BV10102092,8路(姚家--五四广场),2
大连,王家桥,121.57537868125756,38.95497549051009,BV10101907,8路(姚家--五四广场),2
大连,促进小区,121.57385229538386,38.950444015281185,BV10102079,8路(姚家--五四广场),2
大连,高云路,121.57226058676747,38.94683181482013,BV09123929,8路(姚家--五四广场),2
大连,香周路,121.57349153279962,38.94414751565432,BV10102081,8路(姚家--五四广场),2
大连,春柳隧道,121.57593201372977,38.93995298476838,BV09123328,8路(姚家--五四广场),2
大连,春柳地铁站,121.57723302061022,38.93513680411506,BV10625533,8路(姚家--五四广场),2
大连,车家村,121.58032439009088,38.932790107366166,BV10101913,8路(姚家--五四广场),2
大连,香工街,121.5858370563576,38.92863790703091,BV10101914,8路(姚家--五四广场),2
大连,沙河口火车站,121.58663721548194,38.92244282092397,BV10101763,8路(姚家--五四广场),2
大连,新长兴市场,121.58547379348376,38.92002292433578,BV10686606,8路(姚家--五四广场),2
大连,兴工街,121.58589245006897,38.91644816964713,BV10482520,8路(姚家--五四广场),2
大连,五四广场,121.58601593736104,38.912744394112494,BV10101760,8路(姚家--五四广场),2
大连,东北财经大学,121.54257143412929,38.876902528327214,BV10101748,33路(东北财经大学--泡崖八区),1
大连,经贸学校,121.54560556338998,38.88038776809222,BV10101845,33路(东北财经大学--泡崖八区),1
大连,尖山街,121.5512001287806,38.88081113785245,BV10101846,33路(东北财经大学--泡崖八区),1
大连,孙家沟,121.55546371360568,38.885672626436666,BV10101812,33路(东北财经大学--泡崖八区),1
大连,徐州街,121.55506755777584,38.88793267757838,BV10101811,33路(东北财经大学--泡崖八区),1
大连,莱州街,121.55765076011775,38.89279496387574,BV10101810,33路(东北财经大学--泡崖八区),1
大连,丰台街,121.55716808309457,38.89842194804723,BV10102034,33路(东北财经大学--泡崖八区),1
大连,熟食品交易中心,121.55815463840057,38.903553463880115,BV10101754,33路(东北财经大学--泡崖八区),1
大连,黄河桥,121.5621399476086,38.9105020843026,BV10101755,33路(东北财经大学--泡崖八区),1
大连,北甸街,121.56685862249498,38.91772169749986,BV10101994,33路(东北财经大学--泡崖八区),1
大连,通信电缆厂,121.56804996956565,38.92312182413893,BV10101993,33路(东北财经大学--泡崖八区),1
大连,绿波桥,121.56461511583775,38.93224537580788,BV10101992,33路(东北财经大学--泡崖八区),1
大连,绿波小区,121.56270821168819,38.93572684636724,BV10101991,33路(东北财经大学--泡崖八区),1
大连,新生路,121.56150663961135,38.93802784581132,BV10101990,33路(东北财经大学--泡崖八区),1
大连,锦绣路,121.55816820624239,38.94341278793847,BV10341644,33路(东北财经大学--泡崖八区),1
大连,迎客广场南,121.5569410801751,38.947605370919675,BV10983767,33路(东北财经大学--泡崖八区),1
大连,迎客桥,121.55816221475212,38.952148500123144,BV10102038,33路(东北财经大学--泡崖八区),1
大连,周水子,121.55926915689867,38.95561005028607,BV10101908,33路(东北财经大学--泡崖八区),1
大连,友谊桥,121.55911026061631,38.969579308588386,BV10102037,33路(东北财经大学--泡崖八区),1
大连,欣乐公园,121.5539483865773,38.973399821278626,BV10102031,33路(东北财经大学--泡崖八区),1
大连,泡崖市场,121.54867535452443,38.973160550156535,BV10102030,33路(东北财经大学--泡崖八区),1
大连,宇峰小学,121.548844572385,38.97513466029585,BV10102029,33路(东北财经大学--泡崖八区),1
大连,欣荣路,121.55012359814395,38.97739964669429,BV10102028,33路(东北财经大学--泡崖八区),1
大连,游崖门,121.54792982466321,38.97828699248309,BV10102036,33路(东北财经大学--泡崖八区),1
大连,八区幼儿园,121.54460061853597,38.97980548380371,BV10102035,33路(东北财经大学--泡崖八区),1
大连,泡崖八区,121.53919505224968,38.97855674056551,BV10102027,33路(东北财经大学--泡崖八区),1
大连,泡崖八区,121.53852402307487,38.9785052751036,BV10102027,33路(泡崖八区--东北财经大学),2
大连,八区幼儿园,121.54473799436731,38.97986672553972,BV10102035,33路(泡崖八区--东北财经大学),2
大连,游崖门,121.54813936754785,38.978365344817746,BV10102036,33路(泡崖八区--东北财经大学),2
大连,欣荣路,121.55033217543053,38.976957299151934,BV10102028,33路(泡崖八区--东北财经大学),2
大连,宇峰小学,121.548818534017,38.97487477048774,BV10102029,33路(泡崖八区--东北财经大学),2
大连,泡崖市场,121.54866034714091,38.97287869431454,BV10102030,33路(泡崖八区--东北财经大学),2
大连,欣乐公园,121.55345723596193,38.97332403619611,BV10102031,33路(泡崖八区--东北财经大学),2
大连,友谊桥,121.55857198115176,38.97091469324682,BV10102037,33路(泡崖八区--东北财经大学),2
大连,周水子,121.55926411204685,38.955916856662526,BV10101908,33路(泡崖八区--东北财经大学),2
大连,迎客桥,121.55807602486064,38.95220033819077,BV10102038,33路(泡崖八区--东北财经大学),2
大连,迎客广场南,121.55670468752389,38.9464636899422,BV10983767,33路(泡崖八区--东北财经大学),2
大连,锦绣路,121.55889089586893,38.94196973957196,BV10341644,33路(泡崖八区--东北财经大学),2
大连,新生路,121.56150967597952,38.93775601326077,BV10101990,33路(泡崖八区--东北财经大学),2
大连,绿波小区,121.56248177537881,38.9357805136991,BV10101991,33路(泡崖八区--东北财经大学),2
大连,绿波桥,121.5634479086085,38.932952475335746,BV10101992,33路(泡崖八区--东北财经大学),2
大连,通信电缆厂,121.56789770285677,38.923316541661244,BV10101993,33路(泡崖八区--东北财经大学),2
大连,北甸街,121.5665591449455,38.91749848529532,BV10101994,33路(泡崖八区--东北财经大学),2
大连,黄河桥,121.56188446977134,38.91036382033706,BV10101755,33路(泡崖八区--东北财经大学),2
大连,熟食品交易中心,121.55787107147626,38.9031962421941,BV10101754,33路(泡崖八区--东北财经大学),2
大连,丰台街,121.55703584030974,38.89800698398147,BV10102034,33路(泡崖八区--东北财经大学),2
大连,莱州街,121.55754557850905,38.892386039322396,BV10101810,33路(泡崖八区--东北财经大学),2
大连,徐州街,121.55490618721691,38.88793641043036,BV10101811,33路(泡崖八区--东北财经大学),2
大连,孙家沟,121.55538960830756,38.88510883059099,BV10101812,33路(泡崖八区--东北财经大学),2
大连,尖山街,121.5509434882115,38.88083366397093,BV10101846,33路(泡崖八区--东北财经大学),2
大连,经贸学校,121.5448906088429,38.880240413283,BV10101845,33路(泡崖八区--东北财经大学),2
大连,东北财经大学,121.54272201164699,38.87560758368729,BV10101748,33路(泡崖八区--东北财经大学),2
大连,兴工街,121.5842462539368,38.91757495758228,BV11386055,快速公交(兴工街--张前北路),1
大连,沙河口火车站,121.58730436891072,38.924316870227905,BV11386057,快速公交(兴工街--张前北路),1
大连,香工街,121.5857619641001,38.929054635771976,BV09101743,快速公交(兴工街--张前北路),1
大连,车家村,121.58124524529974,38.93248677100846,BV09007986,快速公交(兴工街--张前北路),1
大连,春柳,121.5731837585489,38.93851564232296,BV09101742,快速公交(兴工街--张前北路),1
大连,刘家桥,121.56750789038104,38.942814436102736,BV09007987,快速公交(兴工街--张前北路),1
大连,周水前,121.56304668119589,38.94617000655117,BV10101909,快速公交(兴工街--张前北路),1
大连,周水子,121.56069648791234,38.9518523797511,BV11592097,快速公交(兴工街--张前北路),1
大连,友谊桥,121.56476544827677,38.96741928693532,BV09007989,快速公交(兴工街--张前北路),1
大连,泡崖村,121.55250837648416,38.96964065550327,BV09007988,快速公交(兴工街--张前北路),1
大连,玉湖街,121.53221121844126,38.96793897082543,BV09101746,快速公交(兴工街--张前北路),1
大连,工业大学,121.52563985610523,38.968463076566024,BV09101744,快速公交(兴工街--张前北路),1
大连,美林公园,121.51446503705287,38.9693021081985,BV09101741,快速公交(兴工街--张前北路),1
大连,美林园,121.51133735020339,38.9763498737229,BV09101745,快速公交(兴工街--张前北路),1
大连,张前北路,121.51355173840058,38.98551857895238,BV09101747,快速公交(兴工街--张前北路),1
大连,张前北路,121.51379465971098,38.98550627682355,BV09101747,快速公交(张前北路--兴工街),2
大连,美林园,121.51124198981714,38.97630962414829,BV09101745,快速公交(张前北路--兴工街),2
大连,美林公园,121.51526807431776,38.96916945621526,BV09101741,快速公交(张前北路--兴工街),2
大连,工业大学,121.52464134636301,38.96848644826079,BV09101744,快速公交(张前北路--兴工街),2
大连,玉湖街,121.53245603600264,38.96780964469483,BV09101746,快速公交(张前北路--兴工街),2
大连,泡崖村,121.55143376808351,38.96947086696309,BV09007988,快速公交(张前北路--兴工街),2
大连,友谊桥,121.56457601417888,38.96826853385292,BV09007985,快速公交(张前北路--兴工街),2
大连,周水子,121.56073948054737,38.95268593521394,BV11592097,快速公交(张前北路--兴工街),2
大连,周水前,121.56352063053352,38.94557997769173,BV10101909,快速公交(张前北路--兴工街),2
大连,刘家桥,121.5663529020628,38.943385774930874,BV10101910,快速公交(张前北路--兴工街),2
大连,春柳,121.57230253314272,38.93887864521444,BV10101911,快速公交(张前北路--兴工街),2
大连,车家村,121.58032439009088,38.932790107366166,BV10101913,快速公交(张前北路--兴工街),2
大连,香工街,121.5858370563576,38.92863790703091,BV10101914,快速公交(张前北路--兴工街),2
大连,沙河口火车站,121.58702334046708,38.92323044997947,BV11386057,快速公交(张前北路--兴工街),2
大连,兴工街,121.58471849664794,38.9182917017509,BV11386055,快速公交(张前北路--兴工街),2
大连,二十四城A区,121.52677367688463,38.97840493195544,BV09071896,35路(二十四城A区--五一广场),1
大连,玉池西园,121.52679897386989,38.97655613042882,BV09079146,35路(二十四城A区--五一广场),1
大连,玉池园,121.53004013616152,38.97563691406671,BV11478141,35路(二十四城A区--五一广场),1
大连,玉池街,121.53131056892794,38.973933103362704,BV11478124,35路(二十四城A区--五一广场),1
大连,玉湖街北,121.53371057363898,38.97262172542594,BV11478163,35路(二十四城A区--五一广场),1
大连,玉谭街,121.53686555006985,38.97288895358714,BV11478438,35路(二十四城A区--五一广场),1
大连,星河广场,121.54017760401702,38.97318719552913,BV09071895,35路(二十四城A区--五一广场),1
大连,玉山路,121.54321321028725,38.9753323678235,BV11649384,35路(二十四城A区--五一广场),1
大连,泡崖市场,121.5464947122517,38.971881130011795,BV10102030,35路(二十四城A区--五一广场),1
大连,欣乐公园,121.55345723596193,38.97332403619611,BV10102031,35路(二十四城A区--五一广场),1
大连,金兴街,121.55596699269248,38.97367796722838,BV10103080,35路(二十四城A区--五一广场),1
大连,友谊桥,121.55857198115176,38.97091469324682,BV10102037,35路(二十四城A区--五一广场),1
大连,西北路钢材市场,121.56072327369675,38.963169542038095,BV10103237,35路(二十四城A区--五一广场),1
大连,周水子,121.55926411204685,38.955916856662526,BV10101908,35路(二十四城A区--五一广场),1
大连,迎客桥,121.55807602486064,38.95220033819077,BV10102038,35路(二十四城A区--五一广场),1
大连,周水前,121.56369797347084,38.945441289035045,BV09007984,35路(二十四城A区--五一广场),1
大连,刘家桥,121.56766018392477,38.94240984915188,BV10101910,35路(二十四城A区--五一广场),1
大连,春柳,121.57230253314272,38.93887864521444,BV10101911,35路(二十四城A区--五一广场),1
大连,车家村,121.58032439009088,38.932790107366166,BV10101913,35路(二十四城A区--五一广场),1
大连,香工街,121.58572297714795,38.92872382160259,BV10101914,35路(二十四城A区--五一广场),1
大连,沙河口火车站,121.58703734379192,38.923268430795474,BV10101763,35路(二十四城A区--五一广场),1
大连,兴工街,121.58600952384296,38.91641722209615,BV10482520,35路(二十四城A区--五一广场),1
大连,振工街,121.5914949320941,38.91665899357926,BV10101969,35路(二十四城A区--五一广场),1
大连,五一广场,121.59990960640177,38.915254662957885,BV10101844,35路(二十四城A区--五一广场),1
大连,五一广场,121.59978162884835,38.915238712800566,BV10101844,35路(五一广场--二十四城A区),2
大连,振工街,121.59096076614163,38.91668095019387,BV10101969,35路(五一广场--二十四城A区),2
大连,兴工街,121.58568029637641,38.91666597732842,BV10482520,35路(五一广场--二十四城A区),2
大连,沙河口火车站,121.58754456782381,38.92364932170376,BV10101763,35路(五一广场--二十四城A区),2
大连,香工街,121.5857619641001,38.929054635771976,BV09101743,35路(五一广场--二十四城A区),2
大连,车家村,121.58124524529974,38.93248677100846,BV09007986,35路(五一广场--二十四城A区),2
大连,春柳,121.5731837585489,38.93851564232296,BV09101742,35路(五一广场--二十四城A区),2
大连,刘家桥,121.56746481635129,38.942846368795124,BV10101910,35路(五一广场--二十四城A区),2
大连,周水前,121.56200961314838,38.947004123794585,BV09007984,35路(五一广场--二十四城A区),2
大连,迎客桥,121.55816221475212,38.952148500123144,BV10102038,35路(五一广场--二十四城A区),2
大连,周水子,121.55926915689867,38.95561005028607,BV10101908,35路(五一广场--二十四城A区),2
大连,西北路钢材市场,121.56077732023316,38.96371828359057,BV10103237,35路(五一广场--二十四城A区),2
大连,友谊桥,121.55911026061631,38.969579308588386,BV10102037,35路(五一广场--二十四城A区),2
大连,金兴街,121.55663747793938,38.973762980340844,BV10103080,35路(五一广场--二十四城A区),2
大连,欣乐公园,121.5539483865773,38.973399821278626,BV10102031,35路(五一广场--二十四城A区),2
大连,泡崖市场,121.54734999347643,38.972008721354605,BV10102030,35路(五一广场--二十四城A区),2
大连,玉山路,121.54325332760789,38.97530546789555,BV11649384,35路(五一广场--二十四城A区),2
大连,星河广场,121.53990278012263,38.9732205726139,BV09071895,35路(五一广场--二十四城A区),2
大连,玉谭街,121.53661075222465,38.97292234750575,BV11478438,35路(五一广场--二十四城A区),2
大连,玉湖街北,121.5331928938205,38.97264447023539,BV11478163,35路(五一广场--二十四城A区),2
大连,玉池街,121.53121713925796,38.974992225083206,BV11478124,35路(五一广场--二十四城A区),2
大连,玉池园,121.5288420768395,38.97573584670147,BV11478141,35路(五一广场--二十四城A区),2
大连,玉池西园,121.52842146718258,38.9773028219701,BV09079146,35路(五一广场--二十四城A区),2
大连,二十四城A区,121.52720116935022,38.978277110272785,BV09071896,35路(五一广场--二十四城A区),2
大连,武昌小区,121.64382199448639,38.9074926700769,BV10834461,505路(武昌小区--彩霞园),1
大连,武昌南巷,121.63900213107995,38.90550288046148,BV10834460,505路(武昌小区--彩霞园),1
大连,武昌街,121.63644248065889,38.90674222520476,BV10102060,505路(武昌小区--彩霞园),1
大连,劳动公园东门,121.63389818155848,38.911851114288346,BV10102160,505路(武昌小区--彩霞园),1
大连,劳动公园,121.6259231052728,38.912788669839216,BV10101839,505路(武昌小区--彩霞园),1
大连,儿童医院,121.62319491312994,38.910798218047056,BV10102255,505路(武昌小区--彩霞园),1
大连,唐山街,121.62038336167542,38.910225784217964,BV10101840,505路(武昌小区--彩霞园),1
大连,茂田巷,121.6160921698043,38.90767969621645,BV10102329,505路(武昌小区--彩霞园),1
大连,纪念街,121.61404214209111,38.90679709362611,BV10101932,505路(武昌小区--彩霞园),1
大连,水仙街,121.61126711003422,38.90912102412396,BV10102357,505路(武昌小区--彩霞园),1
大连,人民广场,121.60808222372872,38.90903834734552,BV10101801,505路(武昌小区--彩霞园),1
大连,长春路,121.60518541864884,38.91159556383878,BV10101842,505路(武昌小区--彩霞园),1
大连,大同街,121.60453336712034,38.914520178812566,BV10102006,505路(武昌小区--彩霞园),1
大连,五一广场,121.59853054681933,38.91737380792945,BV10101844,505路(武昌小区--彩霞园),1
大连,振工街,121.59096076614163,38.91668095019387,BV10101969,505路(武昌小区--彩霞园),1
大连,兴工街,121.58609956569457,38.916522185821236,BV10482520,505路(武昌小区--彩霞园),1
大连,机车厂,121.5802869790834,38.91824575111085,BV10101830,505路(武昌小区--彩霞园),1
大连,兴工南五街,121.57728719215798,38.91621411392668,BV09124168,505路(武昌小区--彩霞园),1
大连,十三中学,121.57310957837488,38.91238713933517,BV09335395,505路(武昌小区--彩霞园),1
大连,沙区医院,121.56934103788063,38.91378672806102,BV10102356,505路(武昌小区--彩霞园),1
大连,新建小学,121.56864335224371,38.91918080404165,BV10102355,505路(武昌小区--彩霞园),1
大连,通信电缆厂,121.56804996956565,38.92312182413893,BV10101993,505路(武昌小区--彩霞园),1
大连,富民东路,121.56511871132184,38.92598473368471,BV10102153,505路(武昌小区--彩霞园),1
大连,富民中路,121.56030676807087,38.924480269338666,BV10102157,505路(武昌小区--彩霞园),1
大连,富民广场,121.55736356619995,38.92472375411286,BV10102152,505路(武昌小区--彩霞园),1
大连,马栏小学,121.55271502036005,38.92377069980108,BV10102151,505路(武昌小区--彩霞园),1
大连,马栏北街,121.54888936693352,38.92456631690594,BV10102150,505路(武昌小区--彩霞园),1
大连,前景街,121.54640366740678,38.925588922375205,BV10102354,505路(武昌小区--彩霞园),1
大连,彩霞园,121.54528139439972,38.92743558694337,BV10102353,505路(武昌小区--彩霞园),1
大连,彩霞园,121.5453315334611,38.92742769246595,BV10102353,505路(彩霞园--武昌小区),2
大连,前景街,121.546125916861,38.92556338872102,BV10102354,505路(彩霞园--武昌小区),2
大连,马栏北街,121.54905984979466,38.92419385834865,BV10102150,505路(彩霞园--武昌小区),2
大连,马栏小学,121.55267693076131,38.92375164513218,BV10102151,505路(彩霞园--武昌小区),2
大连,富民广场,121.55716414094513,38.92464049462248,BV10102152,505路(彩霞园--武昌小区),2
大连,富民中路,121.56050617686638,38.924419588512805,BV10102157,505路(彩霞园--武昌小区),2
大连,富民东路,121.56545930642719,38.926009131771856,BV10102153,505路(彩霞园--武昌小区),2
大连,通信电缆厂,121.56789770285677,38.923316541661244,BV10101993,505路(彩霞园--武昌小区),2
大连,新建小学,121.56864145285535,38.918253351694034,BV10102355,505路(彩霞园--武昌小区),2
大连,沙区医院,121.56933507348724,38.91338595846745,BV10102356,505路(彩霞园--武昌小区),2
大连,十三中学,121.5730845505831,38.91233914590766,BV09335395,505路(彩霞园--武昌小区),2
大连,兴工南五街,121.57744034592172,38.916325151974675,BV09124168,505路(彩霞园--武昌小区),2
大连,机车厂,121.57967739612457,38.918350347980535,BV10101830,505路(彩霞园--武昌小区),2
大连,兴工街,121.58616762270822,38.916371294397244,BV10482520,505路(彩霞园--武昌小区),2
大连,振工街,121.5914949320941,38.91665899357926,BV10101969,505路(彩霞园--武昌小区),2
大连,五一广场,121.59598264381555,38.91703553201735,BV10101844,505路(彩霞园--武昌小区),2
大连,大同街,121.6036827331892,38.91416280915926,BV10102006,505路(彩霞园--武昌小区),2
大连,人民广场,121.60908349115908,38.91014902087864,BV10101801,505路(彩霞园--武昌小区),2
大连,水仙街,121.61184179802694,38.908050202035724,BV10102357,505路(彩霞园--武昌小区),2
大连,纪念街,121.61376740250137,38.90658345923837,BV10101932,505路(彩霞园--武昌小区),2
大连,茂田巷,121.61620706389363,38.90763761116476,BV10102329,505路(彩霞园--武昌小区),2
大连,唐山街,121.62053519326419,38.91017164838228,BV10101840,505路(彩霞园--武昌小区),2
大连,儿童医院,121.62318293684076,38.91072127768352,BV10102255,505路(彩霞园--武昌小区),2
大连,劳动公园,121.62761765742175,38.91349204446745,BV10101839,505路(彩霞园--武昌小区),2
大连,劳动公园东门,121.63361162120856,38.91211338842187,BV10102160,505路(彩霞园--武昌小区),2
大连,武昌街,121.63827943929425,38.905302162831255,BV10102060,505路(彩霞园--武昌小区),2
大连,武昌南巷,121.64086063873386,38.90659819145878,BV10834460,505路(彩霞园--武昌小区),2
大连,武昌小区,121.64376410320928,38.90750676103548,BV10834461,505路(彩霞园--武昌小区),2
大连,凌水客运站,121.52357327790895,38.90032641729243,BV10101925,26路(凌水客运站--五一广场),1
大连,红凌南路,121.52041342044161,38.89585352584708,BV09023431,26路(凌水客运站--五一广场),1
大连,庙岭,121.51971522007427,38.89280638894944,BV10101923,26路(凌水客运站--五一广场),1
大连,经贸高级中学,121.51879336373135,38.88819452553545,BV09124173,26路(凌水客运站--五一广场),1
大连,新新广场,121.52232945780666,38.88598241461148,BV10101921,26路(凌水客运站--五一广场),1
大连,燕南街,121.52658841645152,38.88656329666119,BV09139673,26路(凌水客运站--五一广场),1
大连,软件园,121.53471343273313,38.887096103674054,BV10101750,26路(凌水客运站--五一广场),1
大连,数码广场,121.53956884191265,38.88377511284748,BV10101749,26路(凌水客运站--五一广场),1
大连,软件园路,121.54442660152034,38.88662580132278,BV10101751,26路(凌水客运站--五一广场),1
大连,高家村,121.54790770320707,38.889758884101745,BV09332690,26路(凌水客运站--五一广场),1
大连,知邻园,121.55221824981149,38.89313283822129,BV10101764,26路(凌水客运站--五一广场),1
大连,净水厂,121.55871263433839,38.896273549658325,BV09039080,26路(凌水客运站--五一广场),1
大连,台山村,121.56584409231033,38.89809804424221,BV10101809,26路(凌水客运站--五一广场),1
大连,南沙街,121.56947683238002,38.89957221143826,BV10101808,26路(凌水客运站--五一广场),1
大连,汉阳街,121.57441524248914,38.90357341359891,BV10101807,26路(凌水客运站--五一广场),1
大连,解放广场,121.58148632236626,38.90676614479,BV10101805,26路(凌水客运站--五一广场),1
大连,同泰街,121.59522270427685,38.907079505432954,BV10101804,26路(凌水客运站--五一广场),1
大连,民政街,121.59872642673255,38.90931851167685,BV10101926,26路(凌水客运站--五一广场),1
大连,五一广场,121.59783479523252,38.915603026545355,BV10101844,26路(凌水客运站--五一广场),1
大连,五一广场,121.597384785709,38.91585897450264,BV10101844,26路(五一广场--凌水客运站),2
大连,民政街,121.59847245492212,38.909282599589886,BV10101926,26路(五一广场--凌水客运站),2
大连,同泰街,121.59234827007269,38.90671188015731,BV10101804,26路(五一广场--凌水客运站),2
大连,解放广场,121.58587851205712,38.90685082294127,BV10101805,26路(五一广场--凌水客运站),2
大连,汉阳街,121.57410085729151,38.90347721320401,BV10101807,26路(五一广场--凌水客运站),2
大连,南沙街,121.56934262995102,38.899547087628726,BV10101808,26路(五一广场--凌水客运站),2
大连,台山村,121.56277258030146,38.89773840264783,BV10101809,26路(五一广场--凌水客运站),2
大连,净水厂,121.55814747931603,38.895895920445504,BV09039080,26路(五一广场--凌水客运站),2
大连,知邻园,121.551146679434,38.89257526211266,BV10101764,26路(五一广场--凌水客运站),2
大连,高家村,121.54798388337964,38.889941924134334,BV09332690,26路(五一广场--凌水客运站),2
大连,软件园路,121.54402951447553,38.8863961199272,BV10101751,26路(五一广场--凌水客运站),2
大连,数码广场,121.54018570135128,38.883628552936486,BV10101749,26路(五一广场--凌水客运站),2
大连,软件园,121.5346472153526,38.88714991626082,BV10101750,26路(五一广场--凌水客运站),2
大连,燕南街,121.52756676674313,38.88678968157432,BV09139673,26路(五一广场--凌水客运站),2
大连,新新广场,121.5219239995371,38.885997316826426,BV10101921,26路(五一广场--凌水客运站),2
大连,经贸高级中学,121.51884356414388,38.88805374500169,BV09124173,26路(五一广场--凌水客运站),2
大连,庙岭,121.51945250270856,38.89065591459572,BV10101923,26路(五一广场--凌水客运站),2
大连,红凌南路,121.52047364199304,38.89583070300822,BV09023431,26路(五一广场--凌水客运站),2
大连,凌水客运站,121.52337257803403,38.9002029561424,BV10101925,26路(五一广场--凌水客运站),2
大连,奥林匹克广场,121.60525761249401,38.90957471545663,BV10101803,520路(奥林匹克广场--山屏街),1
大连,沈阳路,121.61071978939695,38.906588931187066,BV10101857,520路(奥林匹克广场--山屏街),1
大连,纪念街,121.61259253848478,38.905116315645394,BV10101932,520路(奥林匹克广场--山屏街),1
大连,果园巷,121.61140662759621,38.90356317830353,BV10102372,520路(奥林匹克广场--山屏街),1
大连,人防办,121.61212136201212,38.90107206802901,BV10102373,520路(奥林匹克广场--山屏街),1
大连,英雄纪念公园,121.61438764191705,38.89961899042859,BV09107649,520路(奥林匹克广场--山屏街),1
大连,北石道街,121.61816030232386,38.896832994155545,BV10101865,520路(奥林匹克广场--山屏街),1
大连,石葵路西,121.62248250787698,38.89554898889461,BV09122864,520路(奥林匹克广场--山屏街),1
大连,葵英街,121.63745660455818,38.8989022190189,BV10102055,520路(奥林匹克广场--山屏街),1
大连,仁平街,121.64431782759827,38.90055288463164,BV10102068,520路(奥林匹克广场--山屏街),1
大连,大连市社会福利院,121.64868104429925,38.902577022814974,BV10554341,520路(奥林匹克广场--山屏街),1
大连,海港医院,121.6624758579126,38.90570842432513,BV10101981,520路(奥林匹克广场--山屏街),1
大连,兴隆屯,121.66759243389541,38.90057059867684,BV10101980,520路(奥林匹克广场--山屏街),1
大连,中翠街,121.66973224360443,38.89697957935833,BV10101984,520路(奥林匹克广场--山屏街),1
大连,迎宾路,121.6704679424783,38.89454558300543,BV10101979,520路(奥林匹克广场--山屏街),1
大连,山屏街,121.67493777080163,38.90035466047245,BV10102199,520路(奥林匹克广场--山屏街),1
大连,山屏街,121.67514432956888,38.90040124126768,BV10102199,520路(山屏街--奥林匹克广场),2
大连,迎宾路,121.67072944094846,38.89403038064456,BV10101979,520路(山屏街--奥林匹克广场),2
大连,中翠街,121.66970527110958,38.89724747510708,BV10101984,520路(山屏街--奥林匹克广场),2
大连,兴隆屯,121.66739480115552,38.9010816802219,BV10101980,520路(山屏街--奥林匹克广场),2
大连,海港医院,121.6626983826014,38.90568701029251,BV10101981,520路(山屏街--奥林匹克广场),2
大连,大连市社会福利院,121.64852835085824,38.902567302183904,BV10554341,520路(山屏街--奥林匹克广场),2
大连,仁平街,121.64415813719269,38.900519179342545,BV10102068,520路(山屏街--奥林匹克广场),2
大连,葵英街,121.63732682196188,38.898982377784826,BV10102055,520路(山屏街--奥林匹克广场),2
大连,石葵路西,121.62238861562628,38.89561805853907,BV09122864,520路(山屏街--奥林匹克广场),2
大连,北石道街,121.61842204555734,38.89665582749504,BV10101865,520路(山屏街--奥林匹克广场),2
大连,英雄纪念公园,121.61561455306982,38.899362018846496,BV09107649,520路(山屏街--奥林匹克广场),2
大连,人防办,121.61245112934759,38.900835937609514,BV10102373,520路(山屏街--奥林匹克广场),2
大连,果园巷,121.6114066595014,38.903277345660605,BV10102372,520路(山屏街--奥林匹克广场),2
大连,纪念街,121.61304712347236,38.90553269233494,BV10101932,520路(山屏街--奥林匹克广场),2
大连,水仙街,121.61156195197294,38.90857111734167,BV10102357,520路(山屏街--奥林匹克广场),2
大连,奥林匹克广场,121.60496574622256,38.9095129075727,BV10101803,520路(山屏街--奥林匹克广场),2
大连,马栏广场,121.54939022151879,38.919549233774134,BV10102044,709路(马栏广场--祥和桥西),1
大连,农贸市场,121.54642025993394,38.92070985580993,BV10102273,709路(马栏广场--祥和桥西),1
大连,前程街,121.54309986223569,38.92220522739717,BV10102274,709路(马栏广场--祥和桥西),1
大连,湾家村,121.53901271904806,38.92334772749612,BV10102275,709路(马栏广场--祥和桥西),1
大连,红旗中路,121.53375513813774,38.924573858303475,BV10102276,709路(马栏广场--祥和桥西),1
大连,西山水库,121.52969265364733,38.92530848002998,BV10102277,709路(马栏广场--祥和桥西),1
大连,红旗西路,121.52870316967406,38.92650227906292,BV10507931,709路(马栏广场--祥和桥西),1
大连,红旗镇小学,121.52633080742989,38.92831612492791,BV10102278,709路(马栏广场--祥和桥西),1
大连,盛新园,121.52121943309356,38.9304013398613,BV10102279,709路(马栏广场--祥和桥西),1
大连,伊山云水,121.51707917822982,38.930989616668484,BV10102591,709路(马栏广场--祥和桥西),1
大连,张家村,121.5126454098213,38.93181360935315,BV10102280,709路(马栏广场--祥和桥西),1
大连,大连旅游学校,121.50893325092869,38.931222264589955,BV09140453,709路(马栏广场--祥和桥西),1
大连,张前路南,121.50513552310659,38.9310532572971,BV09124246,709路(马栏广场--祥和桥西),1
大连,西山湖,121.50080458470586,38.9306486851642,BV09122867,709路(马栏广场--祥和桥西),1
大连,西山湖公园,121.49539807291032,38.93224461297909,BV09124243,709路(马栏广场--祥和桥西),1
大连,软件职业学院,121.49200343960482,38.93431723656606,BV10102283,709路(马栏广场--祥和桥西),1
大连,白鸽湾,121.48288432982625,38.93839278422986,BV10102284,709路(马栏广场--祥和桥西),1
大连,十四中学,121.483961014813,38.93387865025678,BV10102285,709路(马栏广场--祥和桥西),1
大连,成园山庄,121.4780872237537,38.92765328996957,BV10102286,709路(马栏广场--祥和桥西),1
大连,辽师西山校区,121.47646948262935,38.924581490653736,BV10102293,709路(马栏广场--祥和桥西),1
大连,西郊生物园,121.4748024784522,38.92265790486162,BV10102287,709路(马栏广场--祥和桥西),1
大连,辽师学生公寓,121.47326000586531,38.92062577488713,BV10102288,709路(马栏广场--祥和桥西),1
大连,柳树南街,121.47204280104293,38.918376714886804,BV10102294,709路(马栏广场--祥和桥西),1
大连,奥林匹克花园,121.46917199452258,38.91338677074364,BV10102289,709路(马栏广场--祥和桥西),1
大连,万科溪之谷,121.46704807255468,38.90805817438491,BV10102290,709路(马栏广场--祥和桥西),1
大连,祥和桥东,121.46402587308523,38.9054687071616,BV10102295,709路(马栏广场--祥和桥西),1
大连,祥和桥,121.46235244789894,38.90318571477238,BV10102291,709路(马栏广场--祥和桥西),1
大连,祥和桥西,121.46018863348554,38.89970625416056,BV10102292,709路(马栏广场--祥和桥西),1
大连,祥和桥西,121.4606009899954,38.899764257758754,BV10102292,709路(祥和桥西--马栏广场),2
大连,祥和桥,121.46233039233805,38.9030237529235,BV10102291,709路(祥和桥西--马栏广场),2
大连,祥和桥东,121.4637941093484,38.905212253792385,BV10102295,709路(祥和桥西--马栏广场),2
大连,万科溪之谷,121.46785180444677,38.9089747941461,BV10102290,709路(祥和桥西--马栏广场),2
大连,奥林匹克花园,121.46923221591469,38.91333696406428,BV10102289,709路(祥和桥西--马栏广场),2
大连,柳树南街,121.47221540410999,38.91861805149546,BV10102294,709路(祥和桥西--马栏广场),2
大连,辽师学生公寓,121.47302418228605,38.92024334229998,BV10102288,709路(祥和桥西--马栏广场),2
大连,西郊生物园,121.47512565303118,38.92289967471304,BV10102287,709路(祥和桥西--马栏广场),2
大连,辽师西山校区,121.47641831110391,38.92440445017896,BV10102293,709路(祥和桥西--马栏广场),2
大连,成园山庄,121.47817755183462,38.927772478436964,BV10102286,709路(祥和桥西--马栏广场),2
大连,十四中学,121.48397313490143,38.933244065831865,BV10102285,709路(祥和桥西--马栏广场),2
大连,白鸽湾,121.48488805780346,38.93869049185641,BV10102284,709路(祥和桥西--马栏广场),2
大连,软件职业学院,121.49192212501379,38.93426602465258,BV10102283,709路(祥和桥西--马栏广场),2
大连,西山湖公园,121.49488804709942,38.932348027855085,BV09124243,709路(祥和桥西--马栏广场),2
大连,西山湖,121.501325640465,38.93060026193878,BV09122867,709路(祥和桥西--马栏广场),2
大连,张前路南,121.50478718050861,38.930896325435654,BV09124246,709路(祥和桥西--马栏广场),2
大连,大连旅游学校,121.50905272057283,38.93114665677852,BV09140453,709路(祥和桥西--马栏广场),2
大连,张家村,121.51258418940354,38.93170449966965,BV10102280,709路(祥和桥西--马栏广场),2
大连,伊山云水,121.51642772995243,38.93119167746404,BV10102591,709路(祥和桥西--马栏广场),2
大连,盛新园,121.52046871032528,38.93039630597065,BV10102279,709路(祥和桥西--马栏广场),2
大连,红旗镇小学,121.52541056783143,38.92857157932211,BV10102278,709路(祥和桥西--马栏广场),2
大连,红旗西路,121.52840411717443,38.92680334206014,BV10507931,709路(祥和桥西--马栏广场),2
大连,西山水库,121.53029570836306,38.925048139697815,BV10102277,709路(祥和桥西--马栏广场),2
大连,红旗中路,121.53372404714715,38.924490833416876,BV10102276,709路(祥和桥西--马栏广场),2
大连,湾家村,121.53771675147273,38.92347473977465,BV10102275,709路(祥和桥西--马栏广场),2
大连,前程街,121.54284914599417,38.92220170473673,BV10102274,709路(祥和桥西--马栏广场),2
大连,农贸市场,121.54607833187694,38.920713177956166,BV10102273,709路(祥和桥西--马栏广场),2
大连,马栏广场,121.54935116031169,38.919200367915664,BV10102044,709路(祥和桥西--马栏广场),2
大连,香炉礁地铁站,121.59774639814293,38.92816058464429,BV09124240,705路(香炉礁地铁站--棠梨西街),1
大连,海达广场,121.59704602432066,38.93170261586983,BV10102078,705路(香炉礁地铁站--棠梨西街),1
大连,工人村,121.59065084674423,38.932965230181516,BV09303679,705路(香炉礁地铁站--棠梨西街),1
大连,香炉礁街,121.5867111752031,38.93213505855485,BV09192554,705路(香炉礁地铁站--棠梨西街),1
大连,香工街,121.5858370563576,38.92863790703091,BV10101914,705路(香炉礁地铁站--棠梨西街),1
大连,沙河口火车站,121.58691630582972,38.92301954908152,BV10101763,705路(香炉礁地铁站--棠梨西街),1
大连,新长兴市场,121.58549080069018,38.9200539112648,BV10686606,705路(香炉礁地铁站--棠梨西街),1
大连,兴工街,121.58589245006897,38.91644816964713,BV10482520,705路(香炉礁地铁站--棠梨西街),1
大连,五四广场,121.58665125167936,38.913225284709796,BV10101760,705路(香炉礁地铁站--棠梨西街),1
大连,至诚街,121.58807726555814,38.91080103997907,BV10101765,705路(香炉礁地铁站--棠梨西街),1
大连,西安路,121.58373074086867,38.90992327993488,BV10101758,705路(香炉礁地铁站--棠梨西街),1
大连,盖州街,121.57834200551778,38.90997748743644,BV10101757,705路(香炉礁地铁站--棠梨西街),1
大连,大连交通大学,121.56606486650035,38.91247187881399,BV09361796,705路(香炉礁地铁站--棠梨西街),1
大连,辽宁师范大学,121.5603549506294,38.914778091528625,BV10102042,705路(香炉礁地铁站--棠梨西街),1
大连,兰玉街,121.5551745615761,38.91689691870111,BV10102043,705路(香炉礁地铁站--棠梨西街),1
大连,马栏广场,121.54939022151879,38.919549233774134,BV10102044,705路(香炉礁地铁站--棠梨西街),1
大连,农贸市场,121.54642025993394,38.92070985580993,BV10102273,705路(香炉礁地铁站--棠梨西街),1
大连,前程街,121.54309986223569,38.92220522739717,BV10102274,705路(香炉礁地铁站--棠梨西街),1
大连,湾家村,121.53832361798679,38.923413146823926,BV10102275,705路(香炉礁地铁站--棠梨西街),1
大连,红旗中路,121.53375513813774,38.924573858303475,BV10102276,705路(香炉礁地铁站--棠梨西街),1
大连,西山水库,121.52969265364733,38.92530848002998,BV10102277,705路(香炉礁地铁站--棠梨西街),1
大连,红旗西路,121.52870316967406,38.92650227906292,BV10507931,705路(香炉礁地铁站--棠梨西街),1
大连,红旗镇小学,121.52633080742989,38.92831612492791,BV10102278,705路(香炉礁地铁站--棠梨西街),1
大连,盛新园,121.52121943309356,38.9304013398613,BV10102279,705路(香炉礁地铁站--棠梨西街),1
大连,伊山云水,121.51707917822982,38.930989616668484,BV10102591,705路(香炉礁地铁站--棠梨西街),1
大连,张家村,121.5126454098213,38.93181360935315,BV10102280,705路(香炉礁地铁站--棠梨西街),1
大连,大连旅游学校,121.50893325092869,38.931222264589955,BV09140453,705路(香炉礁地铁站--棠梨西街),1
大连,张前路南,121.50513552310659,38.9310532572971,BV09124246,705路(香炉礁地铁站--棠梨西街),1
大连,西山湖,121.50080458470586,38.9306486851642,BV09122867,705路(香炉礁地铁站--棠梨西街),1
大连,西山湖公园,121.49539807291032,38.93224461297909,BV09124243,705路(香炉礁地铁站--棠梨西街),1
大连,软件职业学院,121.49200343960482,38.93431723656606,BV10102283,705路(香炉礁地铁站--棠梨西街),1
大连,白鸽湾,121.48290525248412,38.939764021522095,BV10102284,705路(香炉礁地铁站--棠梨西街),1
大连,棠梨园,121.47854748659536,38.94046893790872,BV11098860,705路(香炉礁地铁站--棠梨西街),1
大连,棠梨沟,121.47459279646588,38.939101485727626,BV10102317,705路(香炉礁地铁站--棠梨西街),1
大连,棠梨西街,121.46969602551141,38.93795157333896,BV10102319,705路(香炉礁地铁站--棠梨西街),1
大连,棠梨西街,121.46908081040202,38.93802485224874,BV10102319,705路(棠梨西街--香炉礁地铁站),2
大连,棠梨沟,121.47504345380896,38.939261662306436,BV10102317,705路(棠梨西街--香炉礁地铁站),2
大连,棠梨园,121.47869605554317,38.94042339316398,BV11098860,705路(棠梨西街--香炉礁地铁站),2
大连,白鸽湾,121.4827978419947,38.93972772881615,BV10102284,705路(棠梨西街--香炉礁地铁站),2
大连,软件职业学院,121.49192212501379,38.93426602465258,BV10102283,705路(棠梨西街--香炉礁地铁站),2
大连,西山湖公园,121.49488804709942,38.932348027855085,BV09124243,705路(棠梨西街--香炉礁地铁站),2
大连,西山湖,121.501325640465,38.93060026193878,BV09122867,705路(棠梨西街--香炉礁地铁站),2
大连,张前路南,121.50478718050861,38.930896325435654,BV09124246,705路(棠梨西街--香炉礁地铁站),2
大连,大连旅游学校,121.50905272057283,38.93114665677852,BV09140453,705路(棠梨西街--香炉礁地铁站),2
大连,张家村,121.51258418940354,38.93170449966965,BV10102280,705路(棠梨西街--香炉礁地铁站),2
大连,伊山云水,121.51642772995243,38.93119167746404,BV10102591,705路(棠梨西街--香炉礁地铁站),2
大连,盛新园,121.52100967730118,38.93036879136055,BV10102279,705路(棠梨西街--香炉礁地铁站),2
大连,红旗镇小学,121.52541056783143,38.92857157932211,BV10102278,705路(棠梨西街--香炉礁地铁站),2
大连,红旗西路,121.52840411717443,38.92680334206014,BV10507931,705路(棠梨西街--香炉礁地铁站),2
大连,西山水库,121.53029570836306,38.925048139697815,BV10102277,705路(棠梨西街--香炉礁地铁站),2
大连,红旗中路,121.53372404714715,38.924490833416876,BV10102276,705路(棠梨西街--香炉礁地铁站),2
大连,湾家村,121.53789028963351,38.923431158772985,BV10102275,705路(棠梨西街--香炉礁地铁站),2
大连,前程街,121.54284914599417,38.92220170473673,BV10102274,705路(棠梨西街--香炉礁地铁站),2
大连,农贸市场,121.54607833187694,38.920713177956166,BV10102273,705路(棠梨西街--香炉礁地铁站),2
大连,马栏广场,121.55087108853157,38.918505565399194,BV10102044,705路(棠梨西街--香炉礁地铁站),2
大连,兰玉街,121.55351864913784,38.917432840161126,BV10102043,705路(棠梨西街--香炉礁地铁站),2
大连,辽宁师范大学,121.55833569220346,38.91545773407166,BV10102042,705路(棠梨西街--香炉礁地铁站),2
大连,大连交通大学,121.56586152323736,38.912416670946214,BV09361796,705路(棠梨西街--香炉礁地铁站),2
大连,盖州街,121.57890758864065,38.909889890073444,BV10101757,705路(棠梨西街--香炉礁地铁站),2
大连,西安路,121.58390087363811,38.90983239933063,BV10101758,705路(棠梨西街--香炉礁地铁站),2
大连,至诚街,121.58952877502477,38.91197158864196,BV10101765,705路(棠梨西街--香炉礁地铁站),2
大连,五四广场,121.58433580138386,38.913224562484025,BV10101760,705路(棠梨西街--香炉礁地铁站),2
大连,兴工街,121.58388815531538,38.91619064233993,BV10482520,705路(棠梨西街--香炉礁地铁站),2
大连,新长兴市场,121.58549584387929,38.91969512570265,BV10686606,705路(棠梨西街--香炉礁地铁站),2
大连,沙河口火车站,121.58769361262003,38.923925189896266,BV10101763,705路(棠梨西街--香炉礁地铁站),2
大连,香工街,121.58487132074188,38.92974094084123,BV10101914,705路(棠梨西街--香炉礁地铁站),2
大连,香炉礁街,121.58795496181415,38.93091707298582,BV09192554,705路(棠梨西街--香炉礁地铁站),2
大连,工人村,121.59084089291149,38.933118153430996,BV09303679,705路(棠梨西街--香炉礁地铁站),2
大连,海达广场,121.59631014782767,38.93054544116096,BV10102078,705路(棠梨西街--香炉礁地铁站),2
大连,香炉礁地铁站,121.5973814247615,38.92805272890772,BV09124240,705路(棠梨西街--香炉礁地铁站),2
大连,青泥洼桥,121.62559795699177,38.9180589668032,BV10101766,411路(青泥洼桥--绿波小区),1
大连,东关街,121.61685307541315,38.919756827391566,BV10102002,411路(青泥洼桥--绿波小区),1
大连,日新街,121.61333917942174,38.92076045546681,BV11514645,411路(青泥洼桥--绿波小区),1
大连,北岗桥,121.61011258318517,38.921170769517175,BV10101768,411路(青泥洼桥--绿波小区),1
大连,长春路北,121.60311416352307,38.92103200381983,BV11531775,411路(青泥洼桥--绿波小区),1
大连,鞍山路,121.59410608663677,38.92040674021472,BV10101770,411路(青泥洼桥--绿波小区),1
大连,抚顺街,121.58799216450696,38.92030240471765,BV10101967,411路(青泥洼桥--绿波小区),1
大连,沙河口火车站,121.58708342101225,38.922798721278944,BV10101763,411路(青泥洼桥--绿波小区),1
大连,香工街,121.58553580489853,38.92922946236274,BV10101914,411路(青泥洼桥--绿波小区),1
大连,香工街地铁站,121.58288372725927,38.93124227910882,BV10583596,411路(青泥洼桥--绿波小区),1
大连,车家村,121.58006408430691,38.93337161593983,BV10101913,411路(青泥洼桥--绿波小区),1
大连,第三中学,121.57571913697892,38.936616830592946,BV11038322,411路(青泥洼桥--绿波小区),1
大连,中心医院南院,121.57247294923276,38.93723578555604,BV11038321,411路(青泥洼桥--绿波小区),1
大连,中心医院北院,121.56869575880198,38.93417791955774,BV11038320,411路(青泥洼桥--绿波小区),1
大连,绿波小区,121.56423966130275,38.93026009430254,BV10101991,411路(青泥洼桥--绿波小区),1
大连,绿波小区,121.56369661453738,38.93075011263549,BV10101991,411路(绿波小区--青泥洼桥),2
大连,绿波桥,121.56312639398828,38.932197510080755,BV10101992,411路(绿波小区--青泥洼桥),2
大连,中心医院北院,121.56842737436322,38.93383184005413,BV11038320,411路(绿波小区--青泥洼桥),2
大连,中心医院南院,121.57112921077028,38.93599328729921,BV11038321,411路(绿波小区--青泥洼桥),2
大连,第三中学,121.57546885847019,38.93645573792133,BV11038322,411路(绿波小区--青泥洼桥),2
大连,车家村,121.58032439009088,38.932790107366166,BV10101913,411路(绿波小区--青泥洼桥),2
大连,香工街地铁站,121.58373948356817,38.930211246355285,BV10583596,411路(绿波小区--青泥洼桥),2
大连,香工街,121.58714793883716,38.927428978955795,BV10101914,411路(绿波小区--青泥洼桥),2
大连,沙河口火车站,121.58719139224739,38.923573286345274,BV10101763,411路(绿波小区--青泥洼桥),2
大连,抚顺街,121.5878410961067,38.92025140420512,BV10101967,411路(绿波小区--青泥洼桥),2
大连,鞍山路,121.596103260006,38.92052044745711,BV10101770,411路(绿波小区--青泥洼桥),2
大连,长春路北,121.60396887121995,38.920936659036876,BV11531775,411路(绿波小区--青泥洼桥),2
大连,北岗桥,121.60975583736105,38.92104710141794,BV10101768,411路(绿波小区--青泥洼桥),2
大连,日新街,121.61293350917582,38.920806771068996,BV11514645,411路(绿波小区--青泥洼桥),2
大连,东关街,121.61666326588703,38.91973402641225,BV10102002,411路(绿波小区--青泥洼桥),2
大连,青泥洼桥,121.62767993427597,38.91914761409849,BV10101766,411路(绿波小区--青泥洼桥),2
城市,站点名称,lng,lat,id,name,正反线路
大连,迎福谷,121.43832864597407,38.88801757799222,BV10882772,1123路(迎福谷--黑石礁),1
大连,书卷谷,121.44131029737613,38.884404159478656,BV10882771,1123路(迎福谷--黑石礁),1
大连,榆沟,121.4459879047877,38.88098241555194,BV10882774,1123路(迎福谷--黑石礁),1
大连,临时站,121.45228233149582,38.87730222310617,BV09262903,1123路(迎福谷--黑石礁),1
大连,刘家村委会,121.46285343502305,38.87482837807412,BV10880072,1123路(迎福谷--黑石礁),1
大连,桑家沟,121.46931322868157,38.87256181176706,BV10880073,1123路(迎福谷--黑石礁),1
大连,程南旺,121.47098116688521,38.87318402985369,BV10882773,1123路(迎福谷--黑石礁),1
大连,长青湖公园,121.4768789751761,38.87300569588657,BV10885121,1123路(迎福谷--黑石礁),1
大连,百合山庄,121.50063003705453,38.87688061430169,BV10101737,1123路(迎福谷--黑石礁),1
大连,大有恬园,121.50833507839914,38.877271093165305,BV10101738,1123路(迎福谷--黑石礁),1
大连,王家村,121.51377699419798,38.87637326757433,BV10101739,1123路(迎福谷--黑石礁),1
大连,凌水镇,121.518232639393,38.876353771307926,BV10101740,1123路(迎福谷--黑石礁),1
大连,理工大学,121.52208359099248,38.87699190845821,BV11028909,1123路(迎福谷--黑石礁),1
大连,凌水路南,121.53075432043067,38.87109867708764,BV11028910,1123路(迎福谷--黑石礁),1
大连,海事大学东,121.53351450493747,38.86999702488303,BV09124166,1123路(迎福谷--黑石礁),1
大连,轻工学校,121.53691192432272,38.873130215633076,BV10101746,1123路(迎福谷--黑石礁),1
大连,学苑广场地铁站,121.54156781941614,38.87430487662181,BV11485284,1123路(迎福谷--黑石礁),1
大连,黑石礁,121.55228469142025,38.872751656607846,BV10101883,1123路(迎福谷--黑石礁),1
大连,黑石礁,121.55138245121222,38.87302490730999,BV10101883,1123路(黑石礁--迎福谷),2
大连,学苑广场地铁站,121.54104329272884,38.874223794841505,BV11485284,1123路(黑石礁--迎福谷),2
大连,轻工学校,121.53662402792105,38.87313555103056,BV10101746,1123路(黑石礁--迎福谷),2
大连,海事大学东,121.53312226777506,38.86969525362266,BV09124166,1123路(黑石礁--迎福谷),2
大连,凌水路南,121.52996961388165,38.87183231065076,BV11028910,1123路(黑石礁--迎福谷),2
大连,理工大学,121.52198522140147,38.8771335631655,BV11028909,1123路(黑石礁--迎福谷),2
大连,凌水镇,121.51792750786367,38.876399900545096,BV10101740,1123路(黑石礁--迎福谷),2
大连,王家村,121.51393257628635,38.876423680546814,BV10101739,1123路(黑石礁--迎福谷),2
大连,大有恬园,121.50785019230139,38.87736362712572,BV10101738,1123路(黑石礁--迎福谷),2
大连,百合山庄,121.50066216480494,38.87686871659609,BV10101737,1123路(黑石礁--迎福谷),2
大连,长青湖公园,121.47671034228797,38.873001217061734,BV10885121,1123路(黑石礁--迎福谷),2
大连,程南旺,121.47094804418255,38.87320692553024,BV10882773,1123路(黑石礁--迎福谷),2
大连,桑家沟,121.46332296227229,38.875407261925666,BV10880073,1123路(黑石礁--迎福谷),2
大连,刘家村委会,121.45453922618375,38.87702360711756,BV10880072,1123路(黑石礁--迎福谷),2
大连,临时站,121.4505429624619,38.87922220838936,BV09262903,1123路(黑石礁--迎福谷),2
大连,榆沟,121.44451177568682,38.88239658710293,BV10882774,1123路(黑石礁--迎福谷),2
大连,书卷谷,121.44223156477084,38.88486865931996,BV10882771,1123路(黑石礁--迎福谷),2
大连,迎福谷,121.43834967865065,38.88816053309648,BV10882772,1123路(黑石礁--迎福谷),2
大连,五一广场,121.5973908013627,38.91571705717572,BV10101844,4路区间车(五一广场--老虎滩),1
大连,珠江路,121.60081201706188,38.91004942976272,BV10102127,4路区间车(五一广场--老虎滩),1
大连,奥林匹克广场,121.60525761249401,38.90957471545663,BV10101803,4路区间车(五一广场--老虎滩),1
大连,高尔基路,121.60898815082918,38.904780241268845,BV10101863,4路区间车(五一广场--老虎滩),1
大连,大连交通技师学院,121.61155781744941,38.900851646024165,BV10649625,4路区间车(五一广场--老虎滩),1
大连,北石道街,121.6183461274141,38.89664391293115,BV10101865,4路区间车(五一广场--老虎滩),1
大连,南石道街,121.61981802907147,38.8921109890348,BV10101866,4路区间车(五一广场--老虎滩),1
大连,石道街小学,121.62557942364194,38.88732997185728,BV10101867,4路区间车(五一广场--老虎滩),1
大连,半岛晨报社,121.62851835465924,38.8867274629411,BV10101868,4路区间车(五一广场--老虎滩),1
大连,八一路,121.63926999350319,38.884649568676046,BV10101869,4路区间车(五一广场--老虎滩),1
大连,桃源街,121.64702334783846,38.88472234220722,BV10101870,4路区间车(五一广场--老虎滩),1
大连,桃源桥,121.65013725336988,38.88356243067429,BV10102130,4路区间车(五一广场--老虎滩),1
大连,秀月街,121.65545842292376,38.88224836870517,BV10101871,4路区间车(五一广场--老虎滩),1
大连,小龙街,121.66062172581563,38.88008483815506,BV10102052,4路区间车(五一广场--老虎滩),1
大连,大连舰艇学院,121.66631679602831,38.87743942539482,BV09124162,4路区间车(五一广场--老虎滩),1
大连,老虎滩,121.66973417303005,38.87990644098619,BV10101977,4路区间车(五一广场--老虎滩),1
大连,老虎滩,121.66911053073946,38.87973273888222,BV10101977,4路区间车(老虎滩--五一广场),2
大连,大连舰艇学院,121.66561228358682,38.877689637784044,BV09124162,4路区间车(老虎滩--五一广场),2
大连,小龙街,121.66162463752094,38.8795722150898,BV10102052,4路区间车(老虎滩--五一广场),2
大连,秀月街,121.65525083783128,38.88242565542526,BV10101871,4路区间车(老虎滩--五一广场),2
大连,桃源桥,121.65148553149358,38.883357092024774,BV10102130,4路区间车(老虎滩--五一广场),2
大连,桃源街(星光家园小区),121.64484559930433,38.884673183658634,BV09331734,4路区间车(老虎滩--五一广场),2
大连,桃源街,121.63634610549245,38.88483212059993,BV09281368,4路区间车(老虎滩--五一广场),2
大连,半岛晨报社,121.62952889116599,38.88645123819625,BV10101868,4路区间车(老虎滩--五一广场),2
大连,石道街小学,121.62553048096267,38.88740898829289,BV10101867,4路区间车(老虎滩--五一广场),2
大连,南石道街,121.61977306158767,38.89227094496537,BV10101866,4路区间车(老虎滩--五一广场),2
大连,北石道街,121.6177526696645,38.89734711020486,BV10101865,4路区间车(老虎滩--五一广场),2
大连,大连交通技师学院,121.61135894923962,38.901000714566386,BV10649625,4路区间车(老虎滩--五一广场),2
大连,高尔基路,121.60778164675013,38.90679985741112,BV10101863,4路区间车(老虎滩--五一广场),2
大连,奥林匹克广场,121.60557864677162,38.9079734820504,BV10101803,4路区间车(老虎滩--五一广场),2
大连,民政街,121.59872642673255,38.90931851167685,BV10101926,4路区间车(老虎滩--五一广场),2
大连,五一广场,121.59783479523252,38.915603026545355,BV10101844,4路区间车(老虎滩--五一广场),2
大连,南岔鞍,121.401380763615,38.90248397653365,BV10103841,535路(区间车)(南岔鞍--马栏广场),1
大连,东沟,121.4015484903818,38.90517943036146,BV11361372,535路(区间车)(南岔鞍--马栏广场),1
大连,伯爵山庄,121.40204740832574,38.90709640915687,BV10103840,535路(区间车)(南岔鞍--马栏广场),1
大连,映山红,121.40294632168471,38.91034171556876,BV10103839,535路(区间车)(南岔鞍--马栏广场),1
大连,通泉饭店,121.4043435465726,38.91313547427647,BV10103838,535路(区间车)(南岔鞍--马栏广场),1
大连,后沟,121.40506464186278,38.91513053953071,BV10103837,535路(区间车)(南岔鞍--马栏广场),1
大连,丛家屯,121.40713936943051,38.91847139327724,BV10103836,535路(区间车)(南岔鞍--马栏广场),1
大连,南岔沟,121.40975685373708,38.920940253413576,BV10102304,535路(区间车)(南岔鞍--马栏广场),1
大连,岔鞍村,121.41315673418505,38.92116230206407,BV10102305,535路(区间车)(南岔鞍--马栏广场),1
大连,东岔沟,121.41855660042313,38.92232913641983,BV10102306,535路(区间车)(南岔鞍--马栏广场),1
大连,安达公司,121.42282539181453,38.923583884444746,BV10102307,535路(区间车)(南岔鞍--马栏广场),1
大连,五岔营子桥,121.42718842810972,38.92446277441022,BV10102308,535路(区间车)(南岔鞍--马栏广场),1
大连,五岔营东桥,121.43266447523064,38.92790266026879,BV10102309,535路(区间车)(南岔鞍--马栏广场),1
大连,王家屯,121.43379625511308,38.932852496811414,BV09319860,535路(区间车)(南岔鞍--马栏广场),1
大连,棠梨湖公园,121.43768325563947,38.9381548714292,BV09124256,535路(区间车)(南岔鞍--马栏广场),1
大连,韩家屯,121.45026230803767,38.937739223188224,BV10102315,535路(区间车)(南岔鞍--马栏广场),1
大连,韩家屯前,121.45626970449722,38.93640989855592,BV10102316,535路(区间车)(南岔鞍--马栏广场),1
大连,棠梨西街,121.46920928237391,38.93792126403879,BV10102319,535路(区间车)(南岔鞍--马栏广场),1
大连,棠梨沟,121.47504345380896,38.939261662306436,BV10102317,535路(区间车)(南岔鞍--马栏广场),1
大连,棠梨园,121.47869605554317,38.94042339316398,BV11098860,535路(区间车)(南岔鞍--马栏广场),1
大连,白鸽湾,121.4827978419947,38.93972772881615,BV10102284,535路(区间车)(南岔鞍--马栏广场),1
大连,软件职业学院,121.49192212501379,38.93426602465258,BV10102283,535路(区间车)(南岔鞍--马栏广场),1
大连,西山湖公园,121.49488804709942,38.932348027855085,BV09124243,535路(区间车)(南岔鞍--马栏广场),1
大连,张前路南,121.50478718050861,38.930896325435654,BV09124246,535路(区间车)(南岔鞍--马栏广场),1
大连,大连旅游学校,121.50905272057283,38.93114665677852,BV09140453,535路(区间车)(南岔鞍--马栏广场),1
大连,张家村,121.51258418940354,38.93170449966965,BV10102280,535路(区间车)(南岔鞍--马栏广场),1
大连,伊山云水,121.51642772995243,38.93119167746404,BV10102591,535路(区间车)(南岔鞍--马栏广场),1
大连,盛新园,121.52046871032528,38.93039630597065,BV10102279,535路(区间车)(南岔鞍--马栏广场),1
大连,红旗镇小学,121.52541056783143,38.92857157932211,BV10102278,535路(区间车)(南岔鞍--马栏广场),1
大连,红旗西路,121.52840411717443,38.92680334206014,BV10507931,535路(区间车)(南岔鞍--马栏广场),1
大连,西山水库,121.53029570836306,38.925048139697815,BV10102277,535路(区间车)(南岔鞍--马栏广场),1
大连,红旗中路,121.53372404714715,38.924490833416876,BV10102276,535路(区间车)(南岔鞍--马栏广场),1
大连,湾家村,121.53771675147273,38.92347473977465,BV10102275,535路(区间车)(南岔鞍--马栏广场),1
大连,前程街,121.54284914599417,38.92220170473673,BV10102274,535路(区间车)(南岔鞍--马栏广场),1
大连,农贸市场,121.54607833187694,38.920713177956166,BV10102273,535路(区间车)(南岔鞍--马栏广场),1
大连,马栏广场,121.54935116031169,38.919200367915664,BV10102044,535路(区间车)(南岔鞍--马栏广场),1
大连,马栏广场,121.54939022151879,38.919549233774134,BV10102044,535路(区间车)(马栏广场--南岔鞍),2
大连,农贸市场,121.54642025993394,38.92070985580993,BV10102273,535路(区间车)(马栏广场--南岔鞍),2
大连,前程街,121.54352409435292,38.92197624636882,BV10102274,535路(区间车)(马栏广场--南岔鞍),2
大连,湾家村,121.53901271904806,38.92334772749612,BV10102275,535路(区间车)(马栏广场--南岔鞍),2
大连,红旗中路,121.53375513813774,38.924573858303475,BV10102276,535路(区间车)(马栏广场--南岔鞍),2
大连,西山水库,121.52969265364733,38.92530848002998,BV10102277,535路(区间车)(马栏广场--南岔鞍),2
大连,红旗西路,121.52870316967406,38.92650227906292,BV10507931,535路(区间车)(马栏广场--南岔鞍),2
大连,红旗镇小学,121.52633080742989,38.92831612492791,BV10102278,535路(区间车)(马栏广场--南岔鞍),2
大连,盛新园,121.52121943309356,38.9304013398613,BV10102279,535路(区间车)(马栏广场--南岔鞍),2
大连,伊山云水,121.51707917822982,38.930989616668484,BV10102591,535路(区间车)(马栏广场--南岔鞍),2
大连,张家村,121.5126454098213,38.93181360935315,BV10102280,535路(区间车)(马栏广场--南岔鞍),2
大连,大连旅游学校,121.50893325092869,38.931222264589955,BV09140453,535路(区间车)(马栏广场--南岔鞍),2
大连,张前路南,121.50513552310659,38.9310532572971,BV09124246,535路(区间车)(马栏广场--南岔鞍),2
大连,西山湖公园,121.49539807291032,38.93224461297909,BV09124243,535路(区间车)(马栏广场--南岔鞍),2
大连,软件职业学院,121.49200343960482,38.93431723656606,BV10102283,535路(区间车)(马栏广场--南岔鞍),2
大连,白鸽湾,121.48290525248412,38.939764021522095,BV10102284,535路(区间车)(马栏广场--南岔鞍),2
大连,棠梨园,121.47854748659536,38.94046893790872,BV11098860,535路(区间车)(马栏广场--南岔鞍),2
大连,棠梨沟,121.47459279646588,38.939101485727626,BV10102317,535路(区间车)(马栏广场--南岔鞍),2
大连,棠梨西街,121.46891021477208,38.93790046325588,BV10102319,535路(区间车)(马栏广场--南岔鞍),2
大连,韩家屯前,121.45669203935057,38.93642390687425,BV10102316,535路(区间车)(马栏广场--南岔鞍),2
大连,韩家屯,121.45064545738786,38.93747823107671,BV10102315,535路(区间车)(马栏广场--南岔鞍),2
大连,棠梨湖公园,121.43766220755066,38.93814883795811,BV09124256,535路(区间车)(马栏广场--南岔鞍),2
大连,王家屯,121.4336768985664,38.933738774423674,BV09319860,535路(区间车)(马栏广场--南岔鞍),2
大连,五岔营东桥,121.43285384708801,38.92806086251974,BV10102309,535路(区间车)(马栏广场--南岔鞍),2
大连,五岔营子桥,121.42670760271132,38.92434620719542,BV10102308,535路(区间车)(马栏广场--南岔鞍),2
大连,安达公司,121.42237372249296,38.92351241364784,BV10102307,535路(区间车)(马栏广场--南岔鞍),2
大连,东岔沟,121.41901717771363,38.92244051646811,BV10102306,535路(区间车)(马栏广场--南岔鞍),2
大连,岔鞍村,121.4135941498083,38.92122558271722,BV10102305,535路(区间车)(马栏广场--南岔鞍),2
大连,南岔沟,121.40934256737792,38.92075813135635,BV10102304,535路(区间车)(马栏广场--南岔鞍),2
大连,丛家屯,121.40716338141586,38.91849239158357,BV10103836,535路(区间车)(马栏广场--南岔鞍),2
大连,后沟,121.40508064033875,38.915208499118165,BV10103837,535路(区间车)(马栏广场--南岔鞍),2
大连,通泉饭店,121.40431353841511,38.91309348942352,BV10103838,535路(区间车)(马栏广场--南岔鞍),2
大连,映山红,121.40295331768286,38.91039668501433,BV10103839,535路(区间车)(马栏广场--南岔鞍),2
大连,伯爵山庄,121.4020204040317,38.907063422634856,BV10103840,535路(区间车)(马栏广场--南岔鞍),2
大连,东沟,121.4017946234114,38.90464179523164,BV11361372,535路(区间车)(马栏广场--南岔鞍),2
大连,南岔鞍,121.40139876450377,38.9025169606503,BV10103841,535路(区间车)(马栏广场--南岔鞍),2
大连,山林街,121.64243614789282,38.91163958727209,BV10101891,23路(山林街--理工大学东门),1
大连,中山广场,121.6405877738126,38.918737478161894,BV09007797,23路(山林街--理工大学东门),1
大连,友好广场,121.63193757352131,38.91867097290716,BV10101797,23路(山林街--理工大学东门),1
大连,青泥洼桥,121.62609352692479,38.91586663246607,BV10101766,23路(山林街--理工大学东门),1
大连,一二九街,121.61529157255653,38.910824597307396,BV10101799,23路(山林街--理工大学东门),1
大连,人民广场,121.60844699392439,38.909162034051064,BV10101801,23路(山林街--理工大学东门),1
大连,奥林匹克广场,121.60450915803743,38.9075233143243,BV10101803,23路(山林街--理工大学东门),1
大连,拥警街,121.59831796374195,38.90483824918725,BV10101893,23路(山林街--理工大学东门),1
大连,万岁街,121.59413703779776,38.9029560253821,BV10101889,23路(山林街--理工大学东门),1
大连,太原街,121.58841366129485,38.89970760842959,BV10101854,23路(山林街--理工大学东门),1
大连,和平广场,121.58136828157096,38.897257645971564,BV10101853,23路(山林街--理工大学东门),1
大连,会展中心,121.58020911132452,38.88951353205444,BV10101851,23路(山林街--理工大学东门),1
大连,星海广场,121.57991322166043,38.88604736778885,BV10101860,23路(山林街--理工大学东门),1
大连,化物所,121.57552687505449,38.88315113243763,BV10101850,23路(山林街--理工大学东门),1
大连,大医二院,121.56532514444326,38.88058754048415,BV09122866,23路(山林街--理工大学东门),1
大连,星海浴场,121.5596777758425,38.87715998463306,BV10101848,23路(山林街--理工大学东门),1
大连,黑石礁,121.55236978857177,38.87372825012747,BV10101883,23路(山林街--理工大学东门),1
大连,东北财经大学,121.54220528108269,38.877774256806816,BV10101748,23路(山林街--理工大学东门),1
大连,数码广场,121.54069341137796,38.881802707538824,BV10101749,23路(山林街--理工大学东门),1
大连,软件园双语学校,121.5365317334824,38.8820932232181,BV10101888,23路(山林街--理工大学东门),1
大连,理工大学东门,121.5296758566115,38.878665683914775,BV10101887,23路(山林街--理工大学东门),1
大连,理工大学东门,121.5301223196477,38.87899361160208,BV10101887,23路(理工大学东门--山林街),2
大连,软件园双语学校,121.53663004222915,38.88207446045979,BV10101888,23路(理工大学东门--山林街),2
大连,数码广场,121.5404767249598,38.882207004428295,BV10101749,23路(理工大学东门--山林街),2
大连,东北财经大学,121.54178698216276,38.87854392735145,BV10101748,23路(理工大学东门--山林街),2
大连,黑石礁,121.55295717474232,38.873984123298605,BV10101883,23路(理工大学东门--山林街),2
大连,星海浴场,121.56021886520034,38.877284692013156,BV10101848,23路(理工大学东门--山林街),2
大连,大医二院,121.56537223727811,38.88049465064257,BV09122866,23路(理工大学东门--山林街),2
大连,化物所,121.57559896879043,38.88307722955913,BV10101850,23路(理工大学东门--山林街),2
大连,星海广场,121.58008236729358,38.8861613966641,BV10101860,23路(理工大学东门--山林街),2
大连,会展中心,121.5803752084643,38.890012334312445,BV10101851,23路(理工大学东门--山林街),2
大连,和平广场,121.58413469352244,38.89499716488459,BV10101853,23路(理工大学东门--山林街),2
大连,太原街,121.59068876984297,38.89791195400586,BV10101854,23路(理工大学东门--山林街),2
大连,万岁街,121.59631551515214,38.90036828125511,BV10101889,23路(理工大学东门--山林街),2
大连,奥林匹克广场,121.60545311208912,38.904316697334636,BV10101803,23路(理工大学东门--山林街),2
大连,沈阳路,121.60921387781272,38.90594540161937,BV10101857,23路(理工大学东门--山林街),2
大连,一二九街,121.61640055276075,38.91053072283531,BV10101799,23路(理工大学东门--山林街),2
大连,青泥洼桥,121.62624931920885,38.91580746706387,BV10101766,23路(理工大学东门--山林街),2
大连,友好广场,121.6334980300122,38.9190294664479,BV10101797,23路(理工大学东门--山林街),2
大连,中山广场,121.63895269436358,38.919070954783614,BV09007797,23路(理工大学东门--山林街),2
大连,山林街,121.64243614789282,38.91163958727209,BV10101891,23路(理工大学东门--山林街),2
大连,凌水路,121.52917569165396,38.874021076940565,BV10102393,533路(凌水路--安民街),1
大连,杨树街,121.53144099186306,38.87649629991735,BV10102392,533路(凌水路--安民街),1
大连,育明高中,121.53296777287814,38.87851986068724,BV10102391,533路(凌水路--安民街),1
大连,杨树南街,121.53751829349223,38.87764402890067,BV09124170,533路(凌水路--安民街),1
大连,东北财经大学,121.54160350303495,38.87805281588783,BV10101748,533路(凌水路--安民街),1
大连,经贸学校,121.5459454847849,38.88045640659026,BV10101845,533路(凌水路--安民街),1
大连,尖山街,121.5512001287806,38.88081113785245,BV10101846,533路(凌水路--安民街),1
大连,孙家沟,121.55456888181214,38.883711286268195,BV10101812,533路(凌水路--安民街),1
大连,龙江市场,121.55658024746691,38.88539357402575,BV10102388,533路(凌水路--安民街),1
大连,龙江路,121.55904308515339,38.889486974585374,BV10102260,533路(凌水路--安民街),1
大连,莱州街,121.55765076011775,38.89279496387574,BV10101810,533路(凌水路--安民街),1
大连,丰台街,121.55716808309457,38.89842194804723,BV10102034,533路(凌水路--安民街),1
大连,南沙街西,121.55851468697576,38.90101349121648,BV09124171,533路(凌水路--安民街),1
大连,南平街,121.56349060743713,38.90056968814773,BV10101901,533路(凌水路--安民街),1
大连,南沙街,121.56869554139105,38.90030896425356,BV10101808,533路(凌水路--安民街),1
大连,汉阳街,121.5740888590198,38.90332529224951,BV10101807,533路(凌水路--安民街),1
大连,解放广场,121.58148632236626,38.90676614479,BV10101805,533路(凌水路--安民街),1
大连,同泰街,121.59302743505033,38.90660593740941,BV10101804,533路(凌水路--安民街),1
大连,奥林匹克广场,121.60499971350028,38.90967579374884,BV10101803,533路(凌水路--安民街),1
大连,人民广场,121.61206739996645,38.91005783995355,BV10101801,533路(凌水路--安民街),1
大连,一二九街,121.61642946501311,38.91106338106422,BV10101799,533路(凌水路--安民街),1
大连,劳动公园,121.62761765742175,38.91349204446745,BV10101839,533路(凌水路--安民街),1
大连,友好路,121.6355200635114,38.91555046339073,BV10102256,533路(凌水路--安民街),1
大连,大连大学中山医院,121.641665941324,38.91735950140892,BV09123324,533路(凌水路--安民街),1
大连,安乐街,121.64422611372241,38.91734216311824,BV10102264,533路(凌水路--安民街),1
大连,安民街,121.64657743812568,38.91835746492953,BV11281899,533路(凌水路--安民街),1
大连,安民街,121.64656546118958,38.918361483644624,BV11281899,533路(安民街--凌水路),2
大连,安乐街,121.64411033383638,38.917355354561984,BV10102264,533路(安民街--凌水路),2
大连,大连大学中山医院,121.64192143543266,38.91763291101821,BV09123324,533路(安民街--凌水路),2
大连,玉光街,121.6357045806215,38.91706728096876,BV10102370,533路(安民街--凌水路),2
大连,劳动公园,121.6277813990706,38.91370470081245,BV10101839,533路(安民街--凌水路),2
大连,一二九街,121.61699875700378,38.912365058053,BV10101799,533路(安民街--凌水路),2
大连,人民广场,121.61092112770164,38.911221053382505,BV10101801,533路(安民街--凌水路),2
大连,奥林匹克广场,121.6044699162481,38.90983097699111,BV10101803,533路(安民街--凌水路),2
大连,同泰街,121.5926123331977,38.90670688357184,BV10101804,533路(安民街--凌水路),2
大连,解放广场,121.58587851205712,38.90685082294127,BV10101805,533路(安民街--凌水路),2
大连,汉阳街,121.57410085729151,38.90347721320401,BV10101807,533路(安民街--凌水路),2
大连,南沙街,121.5694907655161,38.90036176499153,BV10101808,533路(安民街--凌水路),2
大连,南平街,121.56246567776351,38.9006023255782,BV10101901,533路(安民街--凌水路),2
大连,南沙街西,121.55810779235078,38.90128272084771,BV09124171,533路(安民街--凌水路),2
大连,丰台街,121.55703584030974,38.89800698398147,BV10102034,533路(安民街--凌水路),2
大连,莱州街,121.55754557850905,38.892386039322396,BV10101810,533路(安民街--凌水路),2
大连,龙江路,121.55951413058439,38.88887501906716,BV10102260,533路(安民街--凌水路),2
大连,龙江市场,121.55691494652162,38.8857408998633,BV10102388,533路(安民街--凌水路),2
大连,孙家沟,121.55494071220105,38.88395076269475,BV10101812,533路(安民街--凌水路),2
大连,尖山街,121.5509434882115,38.88083366397093,BV10101846,533路(安民街--凌水路),2
大连,经贸学校,121.5448906088429,38.880240413283,BV10101845,533路(安民街--凌水路),2
大连,东北财经大学,121.54308080087993,38.877720130387885,BV10101748,533路(安民街--凌水路),2
大连,杨树南街,121.53752832474476,38.87764105341281,BV09124170,533路(安民街--凌水路),2
大连,育明高中,121.53379140873675,38.87880167648352,BV10102391,533路(安民街--凌水路),2
大连,杨树街,121.53065646609417,38.8757907672012,BV10102392,533路(安民街--凌水路),2
大连,凌水路,121.5291676576054,38.87408202204553,BV10102393,533路(安民街--凌水路),2
大连,聚贤路,121.503996649076,38.855777493227066,BV11016091,3路大站快车(聚贤路--马栏广场),1
大连,河口软件园,121.5048908527004,38.849529598744745,BV10103065,3路大站快车(聚贤路--马栏广场),1
大连,北河口,121.50521693581712,38.84239248854432,BV10101950,3路大站快车(聚贤路--马栏广场),1
大连,河口,121.5092936614658,38.84305504064184,BV10101948,3路大站快车(聚贤路--马栏广场),1
大连,七贤岭,121.51293419141331,38.84647263861296,BV10341643,3路大站快车(聚贤路--马栏广场),1
大连,中国华录,121.51656724617705,38.85179795700769,BV10101945,3路大站快车(聚贤路--马栏广场),1
大连,七贤岭地铁站,121.52292287268239,38.85683653268428,BV09124179,3路大站快车(聚贤路--马栏广场),1
大连,万达广场,121.52711598911898,38.8621835282391,BV11666002,3路大站快车(聚贤路--马栏广场),1
大连,海事大学,121.52917071864363,38.86475331032237,BV10101745,3路大站快车(聚贤路--马栏广场),1
大连,海事大学东,121.53351450493747,38.86999702488303,BV09124166,3路大站快车(聚贤路--马栏广场),1
大连,轻工学校,121.53691192432272,38.873130215633076,BV10101746,3路大站快车(聚贤路--马栏广场),1
大连,学苑广场地铁站,121.54053682704271,38.87397283975572,BV11485284,3路大站快车(聚贤路--马栏广场),1
大连,东北财经大学,121.54278010620592,38.87624933989417,BV10101748,3路大站快车(聚贤路--马栏广场),1
大连,数码广场,121.54018570135128,38.883628552936486,BV10101749,3路大站快车(聚贤路--马栏广场),1
大连,软件园,121.53692849587544,38.88630071664832,BV10101750,3路大站快车(聚贤路--马栏广场),1
大连,东软信息学院,121.52984047661934,38.88695433765535,BV10102403,3路大站快车(聚贤路--马栏广场),1
大连,安家望,121.52364349381422,38.90062343026561,BV10102402,3路大站快车(聚贤路--马栏广场),1
大连,红凌小区,121.5380134468176,38.91650354578481,BV10102023,3路大站快车(聚贤路--马栏广场),1
大连,马栏广场,121.54775188715006,38.920127792601534,BV10102044,3路大站快车(聚贤路--马栏广场),1
大连,马栏广场,121.54853195443894,38.91996037951958,BV10102044,3路大站快车(马栏广场--希贤街),2
大连,红凌小区,121.53635438072352,38.91586513287658,BV10102023,3路大站快车(马栏广场--希贤街),2
大连,安家望,121.52300625736818,38.900334903622195,BV10102402,3路大站快车(马栏广场--希贤街),2
大连,东软信息学院,121.52856918829733,38.88684520166047,BV10102403,3路大站快车(马栏广场--希贤街),2
大连,软件园,121.53669676112527,38.88642511280414,BV10101750,3路大站快车(马栏广场--希贤街),2
大连,数码广场,121.53956884191265,38.88377511284748,BV10101749,3路大站快车(马栏广场--希贤街),2
大连,东北财经大学,121.54174986209746,38.878651786455535,BV10101748,3路大站快车(马栏广场--希贤街),2
大连,学苑广场地铁站,121.54104329272884,38.874223794841505,BV11485284,3路大站快车(马栏广场--希贤街),2
大连,海事大学东,121.53258057085287,38.86909428531028,BV09124166,3路大站快车(马栏广场--希贤街),2
大连,万达广场,121.52661932180482,38.861747493423145,BV11666002,3路大站快车(马栏广场--希贤街),2
大连,七贤岭地铁站,121.5238169040339,38.8581591713546,BV09124179,3路大站快车(马栏广场--希贤街),2
大连,七贤岭,121.51252871148736,38.84594677024713,BV10341643,3路大站快车(马栏广场--希贤街),2
大连,河口,121.50887205188872,38.842922888998835,BV10101948,3路大站快车(马栏广场--希贤街),2
大连,北河口,121.50373402070076,38.84348051958816,BV10101950,3路大站快车(马栏广场--希贤街),2
大连,河口软件园,121.50507957352758,38.849665079452905,BV10103065,3路大站快车(马栏广场--希贤街),2
大连,希贤街,121.50487031845218,38.85352332397004,BV10103067,3路大站快车(马栏广场--希贤街),2
大连,兴工街,121.58589245006897,38.91644816964713,BV10482520,705路(加车)(兴工街--张前路南),1
大连,五四广场,121.58665125167936,38.913225284709796,BV10101760,705路(加车)(兴工街--张前路南),1
大连,至诚街,121.58807726555814,38.91080103997907,BV10101765,705路(加车)(兴工街--张前路南),1
大连,西安路,121.58373074086867,38.90992327993488,BV10101758,705路(加车)(兴工街--张前路南),1
大连,盖州街,121.57834200551778,38.90997748743644,BV10101757,705路(加车)(兴工街--张前路南),1
大连,大连交通大学,121.56606486650035,38.91247187881399,BV09361796,705路(加车)(兴工街--张前路南),1
大连,辽宁师范大学,121.56047119024977,38.91473028474826,BV10102042,705路(加车)(兴工街--张前路南),1
大连,兰玉街,121.5551745615761,38.91689691870111,BV10102043,705路(加车)(兴工街--张前路南),1
大连,马栏广场,121.54973312597322,38.91931001125504,BV10102044,705路(加车)(兴工街--张前路南),1
大连,农贸市场,121.54642025993394,38.92070985580993,BV10102273,705路(加车)(兴工街--张前路南),1
大连,前程街,121.54309986223569,38.92220522739717,BV10102274,705路(加车)(兴工街--张前路南),1
大连,湾家村,121.53832361798679,38.923413146823926,BV10102275,705路(加车)(兴工街--张前路南),1
大连,红旗中路,121.53375513813774,38.924573858303475,BV10102276,705路(加车)(兴工街--张前路南),1
大连,西山水库,121.52969265364733,38.92530848002998,BV10102277,705路(加车)(兴工街--张前路南),1
大连,红旗西路,121.52870316967406,38.92650227906292,BV10507931,705路(加车)(兴工街--张前路南),1
大连,红旗镇小学,121.52633080742989,38.92831612492791,BV10102278,705路(加车)(兴工街--张前路南),1
大连,盛新园,121.52121943309356,38.9304013398613,BV10102279,705路(加车)(兴工街--张前路南),1
大连,伊山云水,121.51707917822982,38.930989616668484,BV10102591,705路(加车)(兴工街--张前路南),1
大连,张家村,121.5126454098213,38.93181360935315,BV10102280,705路(加车)(兴工街--张前路南),1
大连,大连旅游学校,121.50869231838385,38.93124155279299,BV09140453,705路(加车)(兴工街--张前路南),1
大连,张前路南,121.50513552310659,38.9310532572971,BV09124246,705路(加车)(兴工街--张前路南),1
大连,张前路南,121.50478718050861,38.930896325435654,BV09124246,705路(加车)(张前路南--兴工街),2
大连,大连旅游学校,121.50905272057283,38.93114665677852,BV09140453,705路(加车)(张前路南--兴工街),2
大连,张家村,121.51258418940354,38.93170449966965,BV10102280,705路(加车)(张前路南--兴工街),2
大连,伊山云水,121.51642772995243,38.93119167746404,BV10102591,705路(加车)(张前路南--兴工街),2
大连,盛新园,121.52046871032528,38.93039630597065,BV10102279,705路(加车)(张前路南--兴工街),2
大连,红旗镇小学,121.52541056783143,38.92857157932211,BV10102278,705路(加车)(张前路南--兴工街),2
大连,红旗西路,121.52840411717443,38.92680334206014,BV10507931,705路(加车)(张前路南--兴工街),2
大连,西山水库,121.53029570836306,38.925048139697815,BV10102277,705路(加车)(张前路南--兴工街),2
大连,红旗中路,121.53372404714715,38.924490833416876,BV10102276,705路(加车)(张前路南--兴工街),2
大连,湾家村,121.53789028963351,38.923431158772985,BV10102275,705路(加车)(张前路南--兴工街),2
大连,前程街,121.54284914599417,38.92220170473673,BV10102274,705路(加车)(张前路南--兴工街),2
大连,农贸市场,121.54607833187694,38.920713177956166,BV10102273,705路(加车)(张前路南--兴工街),2
大连,马栏广场,121.55087108853157,38.918505565399194,BV10102044,705路(加车)(张前路南--兴工街),2
大连,兰玉街,121.55351864913784,38.917432840161126,BV10102043,705路(加车)(张前路南--兴工街),2
大连,辽宁师范大学,121.55818336062394,38.91552446478,BV10102042,705路(加车)(张前路南--兴工街),2
大连,大连交通大学,121.56586152323736,38.912416670946214,BV09361796,705路(加车)(张前路南--兴工街),2
大连,盖州街,121.57890758864065,38.909889890073444,BV10101757,705路(加车)(张前路南--兴工街),2
大连,西安路,121.58390087363811,38.90983239933063,BV10101758,705路(加车)(张前路南--兴工街),2
大连,至诚街,121.5895698218457,38.91169875488928,BV10101765,705路(加车)(张前路南--兴工街),2
大连,五四广场,121.58433580138386,38.913224562484025,BV10101760,705路(加车)(张前路南--兴工街),2
大连,兴工街,121.58388815531538,38.91619064233993,BV10482520,705路(加车)(张前路南--兴工街),2
大连,青塔小区,116.25489851052203,39.890985515256865,BV10008216,64路(青塔小区--公主坟西),1
大连,大成里,116.25593853958681,39.88827417086794,BV10007716,64路(青塔小区--公主坟西),1
大连,青塔蔚园,116.2586370599639,39.89176659900908,BV10007600,64路(青塔小区--公主坟西),1
大连,青塔桥南,116.25864479545022,39.89386749767027,BV10008304,64路(青塔小区--公主坟西),1
大连,青塔桥北,116.25863645731764,39.896619376899345,BV11492384,64路(青塔小区--公主坟西),1
大连,北太平路口南,116.25864700370715,39.90023120842675,BV10007603,64路(青塔小区--公主坟西),1
大连,永定路口南,116.2586485431734,39.90393104371987,BV10007034,64路(青塔小区--公主坟西),1
大连,永定路口东,116.25963979041721,39.90617336095348,BV10000111,64路(青塔小区--公主坟西),1
大连,五棵松桥西,116.2673634974649,39.90616260768519,BV10006710,64路(青塔小区--公主坟西),1
大连,沙沟路口东,116.2790074646297,39.90618216257683,BV10000110,64路(青塔小区--公主坟西),1
大连,东翠路口,116.28191234819742,39.90618041380428,BV10000304,64路(青塔小区--公主坟西),1
大连,万寿路口西,116.28722801248446,39.906162958356994,BV10000096,64路(青塔小区--公主坟西),1
大连,翠微路口,116.29466178406682,39.90618237628325,BV10000097,64路(青塔小区--公主坟西),1
大连,公主坟西,116.3015043368034,39.9055037539609,BV10000098,64路(青塔小区--公主坟西),1
大连,公主坟西,116.30138144992564,39.906617921578864,BV10000098,64路(公主坟西--青塔小区),2
大连,翠微路口,116.294858399144,39.906285049173555,BV10000097,64路(公主坟西--青塔小区),2
大连,万寿路口西,116.28735678292925,39.90628576333396,BV10000096,64路(公主坟西--青塔小区),2
大连,东翠路口,116.28174657987891,39.90627562999092,BV10000304,64路(公主坟西--青塔小区),2
大连,沙沟路口东,116.2782794324289,39.90628305960047,BV10000110,64路(公主坟西--青塔小区),2
大连,五棵松桥东,116.27075029491932,39.90627943190056,BV10000094,64路(公主坟西--青塔小区),2
大连,永定路口南,116.25858351877987,39.90436406181451,BV10007034,64路(公主坟西--青塔小区),2
大连,北太平路口南,116.2585749442088,39.900972216517914,BV10007603,64路(公主坟西--青塔小区),2
大连,青塔桥北,116.25853643297,39.89717840855444,BV11492384,64路(公主坟西--青塔小区),2
大连,青塔桥南,116.2585588486817,39.89375155199032,BV10008304,64路(公主坟西--青塔小区),2
大连,青塔蔚园,116.25855408983469,39.89182764345888,BV10007600,64路(公主坟西--青塔小区),2
大连,青塔小区,116.25522336368219,39.89144035119801,BV10008216,64路(公主坟西--青塔小区),2
大连,松江汽车东站,121.24759930676025,31.00234982306413,BV10027874,松江60路(松江汽车东站--车墩公交枢纽站),1
大连,北松公路松卫北路,121.25957149829209,31.004465784195663,BV10038055,松江60路(松江汽车东站--车墩公交枢纽站),1
大连,香亭路望塔路,121.262111840512,31.00068052833496,BV09182759,松江60路(松江汽车东站--车墩公交枢纽站),1
大连,香亭路荣福路,121.26410810144246,31.000675198318323,BV11645666,松江60路(松江汽车东站--车墩公交枢纽站),1
大连,香亭路南乐路,121.26782842798576,31.000703320929983,BV09182757,松江60路(松江汽车东站--车墩公交枢纽站),1
大连,香亭路欣浪路,121.27127254198204,31.00073522848381,BV09182760,松江60路(松江汽车东站--车墩公交枢纽站),1
大连,欣浪路香亭路,121.27285472051553,30.999381482461946,BV09182762,松江60路(松江汽车东站--车墩公交枢纽站),1
大连,欣浪路联梅路,121.2729969728912,30.99426935948275,BV09048401,松江60路(松江汽车东站--车墩公交枢纽站),1
大连,欣浪路车阳路,121.2730021425459,30.992179589814047,BV09048397,松江60路(松江汽车东站--车墩公交枢纽站),1
大连,欣浪路茶亭路,121.27301228924394,30.990287698604238,BV09048402,松江60路(松江汽车东站--车墩公交枢纽站),1
大连,欣浪路计家角路,121.27300847094068,30.988188944307986,BV09182761,松江60路(松江汽车东站--车墩公交枢纽站),1
大连,欣浪路华泖公路,121.27303272685837,30.98478993209935,BV09182758,松江60路(松江汽车东站--车墩公交枢纽站),1
大连,华长路闵塔公路,121.27988841911963,30.982755480626906,BV09229659,松江60路(松江汽车东站--车墩公交枢纽站),1
大连,姜家塘,121.28110798601847,30.977736942623306,BV10038276,松江60路(松江汽车东站--车墩公交枢纽站),1
大连,车墩敬老院,121.28185825390528,30.972590042920377,BV10038277,松江60路(松江汽车东站--车墩公交枢纽站),1
大连,华长路农庄路,121.28203325139818,30.969364731887193,BV09182763,松江60路(松江汽车东站--车墩公交枢纽站),1
大连,姜家塘,121.2811349535206,30.977628972703602,BV10038276,松江60路(松江汽车东站--车墩公交枢纽站),1
大连,华长路闵塔公路,121.27983548003048,30.982975414984768,BV09229659,松江60路(松江汽车东站--车墩公交枢纽站),1
大连,香泾路塔闵路,121.28470654206285,30.985838433211622,BV10385874,松江60路(松江汽车东站--车墩公交枢纽站),1
大连,香泾路泾车路,121.28467292570774,30.993790773685273,BV10032652,松江60路(松江汽车东站--车墩公交枢纽站),1
大连,泖亭路香闵路,121.28990550781712,30.99785690702007,BV10032651,松江60路(松江汽车东站--车墩公交枢纽站),1
大连,泖亭路北闵路,121.29448095672505,30.99785783401297,BV10032650,松江60路(松江汽车东站--车墩公交枢纽站),1
大连,车峰路车亭公路,121.30150287712415,30.997885114426786,BV11062824,松江60路(松江汽车东站--车墩公交枢纽站),1
大连,联庄村委会,121.30652024018273,30.997892229375417,BV09233670,松江60路(松江汽车东站--车墩公交枢纽站),1
大连,车墩公交枢纽站,121.31521919235803,31.007377507079454,BV11463387,松江60路(松江汽车东站--车墩公交枢纽站),1
大连,车墩中心站,121.31544664844174,31.007744860113622,BV10032647,松江60路(车墩中心站--松江汽车东站),2
大连,联庄村委会,121.30624582663079,30.997958685222493,BV09233670,松江60路(车墩中心站--松江汽车东站),2
大连,车峰路车亭公路,121.30202777935817,30.99794616745848,BV11062824,松江60路(车墩中心站--松江汽车东站),2
大连,泖亭路北闵路,121.29461169611298,30.99795856555445,BV10032650,松江60路(车墩中心站--松江汽车东站),2
大连,泖亭路香闵路,121.29023091030125,30.997945367849677,BV10032651,松江60路(车墩中心站--松江汽车东站),2
大连,香泾路泾车路,121.28467696631887,30.993231099096278,BV10032652,松江60路(车墩中心站--松江汽车东站),2
大连,香泾路塔闵路,121.28470354618308,30.985848431362047,BV10385874,松江60路(车墩中心站--松江汽车东站),2
大连,华长路闵塔公路,121.27988841911963,30.982755480626906,BV09229659,松江60路(车墩中心站--松江汽车东站),2
大连,姜家塘,121.28117091006888,30.97748601218688,BV10038276,松江60路(车墩中心站--松江汽车东站),2
大连,华长路农庄路,121.28203325139818,30.969364731887193,BV09182763,松江60路(车墩中心站--松江汽车东站),2
大连,车墩敬老院,121.2818572529432,30.97262002641693,BV10038277,松江60路(车墩中心站--松江汽车东站),2
大连,姜家塘,121.2811349535206,30.977628972703602,BV10038276,松江60路(车墩中心站--松江汽车东站),2
大连,华长路闵塔公路,121.27983548003048,30.982975414984768,BV09229659,松江60路(车墩中心站--松江汽车东站),2
大连,欣浪路华泖公路,121.27310364125702,30.984744887187563,BV09182758,松江60路(车墩中心站--松江汽车东站),2
大连,欣浪路计家角路,121.27307642265926,30.987746137844624,BV09182761,松江60路(车墩中心站--松江汽车东站),2
大连,欣浪路茶亭路,121.27307623286659,30.990000803832483,BV09048402,松江60路(车墩中心站--松江汽车东站),2
大连,欣浪路车阳路,121.27306606128737,30.992188520077814,BV09048397,松江60路(车墩中心站--松江汽车东站),2
大连,欣浪路联梅路,121.27305792907651,30.99387852905669,BV09048401,松江60路(车墩中心站--松江汽车东站),2
大连,欣浪路香亭路,121.27291463308305,30.99952733622968,BV09182762,松江60路(车墩中心站--松江汽车东站),2
大连,香亭路欣浪路,121.27122859439736,31.000735270195342,BV09182760,松江60路(车墩中心站--松江汽车东站),2
大连,香亭路南乐路,121.26790035160298,31.000703260909432,BV09182757,松江60路(车墩中心站--松江汽车东站),2
大连,香亭路荣福路,121.26410010873066,31.000675203936634,BV11645666,松江60路(车墩中心站--松江汽车东站),2
大连,香亭路望塔路,121.26282024224831,31.0006760742178,BV09182759,松江60路(车墩中心站--松江汽车东站),2
大连,北松公路松卫北路,121.25940660761435,31.004580804880412,BV10038055,松江60路(车墩中心站--松江汽车东站),2
大连,松江汽车东站,121.24822305358856,31.003686970436956,BV10027874,松江60路(车墩中心站--松江汽车东站),2
大连,建设街,121.62584890776128,38.92437689387775,BV09022632,1103路(建设街--龙畔金泉),1
大连,兴业街,121.62169542568314,38.92269992588307,BV10102216,1103路(建设街--龙畔金泉),1
大连,双兴街,121.61670776730408,38.923797568055164,BV10102215,1103路(建设街--龙畔金泉),1
大连,北岗桥,121.61145668223318,38.92063806829174,BV10101768,1103路(建设街--龙畔金泉),1
大连,新开路,121.6119897454035,38.916452127273615,BV10101998,1103路(建设街--龙畔金泉),1
大连,市政府,121.60998945630853,38.91410604449868,BV10102040,1103路(建设街--龙畔金泉),1
大连,大同街,121.60192518689053,38.915078040219036,BV10102006,1103路(建设街--龙畔金泉),1
大连,五一广场,121.59923251959599,38.91692388132093,BV10101844,1103路(建设街--龙畔金泉),1
大连,振工街,121.59096076614163,38.91668095019387,BV10101969,1103路(建设街--龙畔金泉),1
大连,兴工街,121.5846865094194,38.91798487243211,BV10482520,1103路(建设街--龙畔金泉),1
大连,沙河口火车站,121.58769361262003,38.923925189896266,BV10101763,1103路(建设街--龙畔金泉),1
大连,香工街,121.5860021286924,38.92888081033592,BV10101914,1103路(建设街--龙畔金泉),1
大连,车家村,121.57992794566512,38.933471480026945,BV10101913,1103路(建设街--龙畔金泉),1
大连,春柳,121.57125294274317,38.93997601256764,BV10101911,1103路(建设街--龙畔金泉),1
大连,刘家桥,121.566481096993,38.943584803983896,BV10101910,1103路(建设街--龙畔金泉),1
大连,周水前,121.56371197195195,38.945685159763684,BV09007984,1103路(建设街--龙畔金泉),1
大连,周水子,121.56070349992845,38.951870378715256,BV10101908,1103路(建设街--龙畔金泉),1
大连,东纬路西,121.56469974227612,38.95481387807115,BV09124164,1103路(建设街--龙畔金泉),1
大连,丰收路,121.56963992632649,38.95465455440112,BV09122297,1103路(建设街--龙畔金泉),1
大连,王家桥,121.57449558461921,38.95513370047601,BV10101907,1103路(建设街--龙畔金泉),1
大连,周家街,121.57915744086735,38.95820810200638,BV10101906,1103路(建设街--龙畔金泉),1
大连,金三角市场,121.58439942718576,38.961749456367286,BV10101778,1103路(建设街--龙畔金泉),1
大连,金三角,121.58149756976046,38.9673248203605,BV10101779,1103路(建设街--龙畔金泉),1
大连,富强路,121.57386706676985,38.97054179854714,BV10102109,1103路(建设街--龙畔金泉),1
大连,千山路地铁站,121.57719607184278,38.979046116556425,BV10532936,1103路(建设街--龙畔金泉),1
大连,华南中学,121.57924768856365,38.98361062309656,BV10101824,1103路(建设街--龙畔金泉),1
大连,华南广场,121.58303741280426,38.98879735365572,BV10101825,1103路(建设街--龙畔金泉),1
大连,华南国际商城,121.58892287883221,38.98934072560856,BV10101826,1103路(建设街--龙畔金泉),1
大连,三道沟净水厂,121.59675925293115,38.992279804505294,BV10102126,1103路(建设街--龙畔金泉),1
大连,钰桥中央庭院,121.60480625790134,38.994957297733094,BV10860553,1103路(建设街--龙畔金泉),1
大连,二十高中,121.61536617867432,38.99407614617769,BV10102124,1103路(建设街--龙畔金泉),1
大连,龙泉小学,121.61840716714667,38.99389527162556,BV10102123,1103路(建设街--龙畔金泉),1
大连,水泉街东,121.61907506798677,38.99727148837098,BV09124165,1103路(建设街--龙畔金泉),1
大连,龙畔市场,121.61449863041676,38.99708308141778,BV10102121,1103路(建设街--龙畔金泉),1
大连,龙畔金泉,121.61433652399471,38.99931184948345,BV10102120,1103路(建设街--龙畔金泉),1
大连,龙畔金泉,121.61433652399471,38.99931184948345,BV10102120,1103路(龙畔金泉--建设街),2
大连,龙畔市场,121.61447464423307,38.99715006154491,BV10102121,1103路(龙畔金泉--建设街),2
大连,水泉街东,121.6190770702884,38.9972315109414,BV09124165,1103路(龙畔金泉--建设街),2
大连,龙泉小学,121.61923825488353,38.99401432587033,BV10102123,1103路(龙畔金泉--建设街),2
大连,二十高中,121.61486361502243,38.99429847073644,BV10102124,1103路(龙畔金泉--建设街),2
大连,钰桥中央庭院,121.60489020543977,38.995109160079096,BV10860553,1103路(龙畔金泉--建设街),2
大连,三道沟净水厂,121.59685923158689,38.99247066814041,BV10102126,1103路(龙畔金泉--建设街),2
大连,华南国际商城,121.58743921704324,38.98894868282772,BV10101826,1103路(龙畔金泉--建设街),2
大连,华南广场,121.58304640950695,38.98888830144327,BV10101825,1103路(龙畔金泉--建设街),2
大连,华南中学,121.57908253505663,38.983530573866034,BV10101824,1103路(龙畔金泉--建设街),2
大连,千山路地铁站,121.57708694555465,38.97910400606914,BV10532936,1103路(龙畔金泉--建设街),2
大连,富强路,121.57326745499199,38.96904920296974,BV10102109,1103路(龙畔金泉--建设街),2
大连,金三角,121.5812373503307,38.96728771367357,BV10101779,1103路(龙畔金泉--建设街),2
大连,金三角市场,121.58542701339798,38.96256430716397,BV10101778,1103路(龙畔金泉--建设街),2
大连,周家街,121.57927253351644,38.95838906035898,BV10101906,1103路(龙畔金泉--建设街),2
大连,王家桥,121.57420923701007,38.955029531161735,BV10101907,1103路(龙畔金泉--建设街),2
大连,丰收路,121.56961287867371,38.9547134910049,BV09122297,1103路(龙畔金泉--建设街),2
大连,东纬路西,121.56571552661487,38.95484609253194,BV09124164,1103路(龙畔金泉--建设街),2
大连,周水子,121.56047301757096,38.952046946387085,BV11592097,1103路(龙畔金泉--建设街),2
大连,周水前,121.5627761724783,38.946162655690685,BV09007984,1103路(龙畔金泉--建设街),2
大连,刘家桥,121.56728153320186,38.94268725923227,BV10101910,1103路(龙畔金泉--建设街),2
大连,春柳,121.57230253314272,38.93887864521444,BV10101911,1103路(龙畔金泉--建设街),2
大连,车家村,121.57966071201838,38.933295433686666,BV10101913,1103路(龙畔金泉--建设街),2
大连,香工街,121.5853717286445,38.92898855476991,BV10101914,1103路(龙畔金泉--建设街),2
大连,沙河口火车站,121.58703734379192,38.923268430795474,BV10101763,1103路(龙畔金泉--建设街),2
大连,兴工街,121.58600952384296,38.91641722209615,BV10482520,1103路(龙畔金泉--建设街),2
大连,振工街,121.59111382352465,38.91660100750316,BV10101969,1103路(龙畔金泉--建设街),2
大连,五一广场,121.59892061389553,38.9164162701316,BV10101844,1103路(龙畔金泉--建设街),2
大连,大同街,121.6036827331892,38.91416280915926,BV10102006,1103路(龙畔金泉--建设街),2
大连,市政府,121.60895617359206,38.913709009082446,BV10102040,1103路(龙畔金泉--建设街),2
大连,新开路,121.61236457860689,38.9153264896587,BV10101998,1103路(龙畔金泉--建设街),2
大连,北岗桥,121.61154761816687,38.920602018364406,BV10101768,1103路(龙畔金泉--建设街),2
大连,双兴街,121.61673174930537,38.92374657500137,BV10102215,1103路(龙畔金泉--建设街),2
大连,菜市街,121.62422680962622,38.92669954019924,BV10102174,1103路(龙畔金泉--建设街),2
大连,建设街,121.62584890776128,38.92437689387775,BV09022632,1103路(龙畔金泉--建设街),2
大连,和平广场,121.58183267819427,38.89722289235994,BV10101853,808路(上环)(和平广场--星雨街西),1
大连,会展中心,121.5802390620119,38.89020414914156,BV10101851,808路(上环)(和平广场--星雨街西),1
大连,星海广场,121.57999122114632,38.886709030233106,BV10101860,808路(上环)(和平广场--星雨街西),1
大连,星雨街东,121.57884857091534,38.8826107195601,BV10623313,808路(上环)(和平广场--星雨街西),1
大连,星雨街,121.57403426294336,38.88114509954478,BV10568516,808路(上环)(和平广场--星雨街西),1
大连,星雨街西,121.570370339747,38.880150341840064,BV10623314,808路(上环)(和平广场--星雨街西),1
大连,中山广场,121.6432755957919,38.920260061238,BV09007797,19路(中山广场--华南广场),1
大连,友好广场,121.63193757352131,38.91867097290716,BV10101797,19路(中山广场--华南广场),1
大连,青泥洼桥,121.62647592742921,38.91650676039798,BV10101766,19路(中山广场--华南广场),1
大连,一二九街,121.61699875700378,38.912365058053,BV10101799,19路(中山广场--华南广场),1
大连,人民广场,121.61114096236848,38.911271854941766,BV10101801,19路(中山广场--华南广场),1
大连,珠江路,121.6019707814387,38.909640229651245,BV10102127,19路(中山广场--华南广场),1
大连,五一广场,121.59779075352121,38.91599780313735,BV10101844,19路(中山广场--华南广场),1
大连,香炉礁,121.59666651654497,38.927300317824866,BV10101771,19路(中山广场--华南广场),1
大连,工人村,121.59275832907721,38.933924730821005,BV09303679,19路(中山广场--华南广场),1
大连,春光街,121.58187796222032,38.939827674839854,BV10102069,19路(中山广场--华南广场),1
大连,春柳河,121.58231455177824,38.94669973516804,BV10101775,19路(中山广场--华南广场),1
大连,亿达世纪城,121.58294960561828,38.95069559832735,BV10101776,19路(中山广场--华南广场),1
大连,大纺,121.5849565688085,38.954885823015424,BV10101777,19路(中山广场--华南广场),1
大连,金三角市场,121.58626653365643,38.96246561576851,BV10101778,19路(中山广场--华南广场),1
大连,金三角,121.58117628110756,38.96743259441456,BV10101779,19路(中山广场--华南广场),1
大连,兴华路,121.57429985354821,38.96842145097659,BV10102094,19路(中山广场--华南广场),1
大连,富强路,121.57461274576903,38.97287797862187,BV10102109,19路(中山广场--华南广场),1
大连,千山路地铁站,121.57645642045343,38.97749255095305,BV10532936,19路(中山广场--华南广场),1
大连,华南中学,121.57871228984114,38.982417033033656,BV10101824,19路(中山广场--华南广场),1
大连,华南广场,121.58043851819762,38.986257668698485,BV10101825,19路(中山广场--华南广场),1
大连,华南广场,121.58320867672376,38.987602161091466,BV10101825,19路(华南广场--中山广场),2
大连,华南中学,121.57852912103415,38.9822650127764,BV10101824,19路(华南广场--中山广场),2
大连,千山路地铁站,121.57647840785619,38.97782836078272,BV10532936,19路(华南广场--中山广场),2
大连,富强路,121.57456165057788,38.97316176397122,BV10102109,19路(华南广场--中山广场),2
大连,兴华路,121.5766337061072,38.96779261368753,BV10102094,19路(华南广场--中山广场),2
大连,金三角,121.5812373503307,38.96728771367357,BV10101779,19路(华南广场--中山广场),2
大连,金三角市场,121.58633244818994,38.96357295916026,BV10101778,19路(华南广场--中山广场),2
大连,大纺,121.58475124720503,38.956546744751556,BV10101777,19路(华南广场--中山广场),2
大连,亿达世纪城,121.58196296216583,38.94941093360462,BV10101776,19路(华南广场--中山广场),2
大连,春柳河,121.58192418198837,38.947156278478595,BV10101775,19路(华南广场--中山广场),2
大连,春光街,121.58248153258658,38.93911538126341,BV10102069,19路(华南广场--中山广场),2
大连,工人村,121.59272033624251,38.93378481503557,BV09303679,19路(华南广场--中山广场),2
大连,香炉礁,121.59633852025289,38.927216424711446,BV10101771,19路(华南广场--中山广场),2
大连,五一广场,121.59761194697646,38.91433982352993,BV10101844,19路(华南广场--中山广场),2
大连,珠江路,121.60081201706188,38.91004942976272,BV10102127,19路(华南广场--中山广场),2
大连,一二九街,121.61762814870607,38.91209558965885,BV10101799,19路(华南广场--中山广场),2
大连,青泥洼桥,121.62624931920885,38.91580746706387,BV10101766,19路(华南广场--中山广场),2
大连,友好广场,121.63269535434618,38.91878979640259,BV10101797,19路(华南广场--中山广场),2
大连,中山广场,121.6432755957919,38.920260061238,BV09007797,19路(华南广场--中山广场),2
大连,大华锦绣华城,121.5123602498776,38.89727018711576,BV11361477,地铁商务快线(大华锦绣华城--马栏广场地铁站),1
大连,金柳东路,121.52666031006899,38.90743234083018,BV10102025,地铁商务快线(大华锦绣华城--马栏广场地铁站),1
大连,红凌北路,121.53291082314807,38.91195230620988,BV10102024,地铁商务快线(大华锦绣华城--马栏广场地铁站),1
大连,红凌小区,121.53684991961283,38.91592723736074,BV10102023,地铁商务快线(大华锦绣华城--马栏广场地铁站),1
大连,马栏广场地铁站,121.54905438759943,38.91927277083593,BV11291738,地铁商务快线(大华锦绣华城--马栏广场地铁站),1
大连,马栏广场地铁站,121.54875554663633,38.91986885601189,BV11291738,地铁商务快线(马栏广场地铁站--大华锦绣华城),2
大连,红凌小区,121.53635438072352,38.91586513287658,BV10102023,地铁商务快线(马栏广场地铁站--大华锦绣华城),2
大连,红凌北路,121.53289174852108,38.91206319480694,BV10102024,地铁商务快线(马栏广场地铁站--大华锦绣华城),2
大连,金柳东路,121.52639340134508,38.907281739382476,BV10102025,地铁商务快线(马栏广场地铁站--大华锦绣华城),2
大连,红凌南路,121.51998574713188,38.89687576537038,BV09023431,地铁商务快线(马栏广场地铁站--大华锦绣华城),2
大连,大华锦绣华城,121.51347136296444,38.89819282011197,BV11361477,地铁商务快线(马栏广场地铁站--大华锦绣华城),2
大连,建设街,121.62657890018446,38.924393943720105,BV09022632,1101路(建设街--大黑石),1
大连,兴业街,121.62169542568314,38.92269992588307,BV10102216,1101路(建设街--大黑石),1
大连,双兴街,121.61670776730408,38.923797568055164,BV10102215,1101路(建设街--大黑石),1
大连,北岗桥,121.61145668223318,38.92063806829174,BV10101768,1101路(建设街--大黑石),1
大连,新开路,121.6119897454035,38.916452127273615,BV10101998,1101路(建设街--大黑石),1
大连,市政府,121.60998945630853,38.91410604449868,BV10102040,1101路(建设街--大黑石),1
大连,大同街,121.60192518689053,38.915078040219036,BV10102006,1101路(建设街--大黑石),1
大连,五一广场,121.59923251959599,38.91692388132093,BV10101844,1101路(建设街--大黑石),1
大连,振工街,121.59118983484588,38.916710947013364,BV10101969,1101路(建设街--大黑石),1
大连,兴工街,121.58479255458225,38.918215772303114,BV10482520,1101路(建设街--大黑石),1
大连,沙河口火车站,121.58769361262003,38.923925189896266,BV10101763,1101路(建设街--大黑石),1
大连,香工街,121.5860021286924,38.92888081033592,BV10101914,1101路(建设街--大黑石),1
大连,车家村,121.57992794566512,38.933471480026945,BV10101913,1101路(建设街--大黑石),1
大连,春柳,121.57125294274317,38.93997601256764,BV10101911,1101路(建设街--大黑石),1
大连,刘家桥,121.56657325983848,38.9435199497765,BV10101910,1101路(建设街--大黑石),1
大连,周水前,121.56371197195195,38.945685159763684,BV09007984,1101路(建设街--大黑石),1
大连,迎客广场,121.55390363715138,38.95240653264305,BV10102032,1101路(建设街--大黑石),1
大连,迎客路,121.55065645741271,38.95500228031392,BV10102113,1101路(建设街--大黑石),1
大连,机场,121.54272287056203,38.95700652023068,BV10102114,1101路(建设街--大黑石),1
大连,大商机场前市场,121.53430315043694,38.95783615149078,BV10102617,1101路(建设街--大黑石),1
大连,虹港新居,121.53006114114682,38.95852640738165,BV10830761,1101路(建设街--大黑石),1
大连,逸林街北,121.52179823347329,38.95943039811634,BV09123020,1101路(建设街--大黑石),1
大连,辽无二厂,121.51769517645955,38.95994386472019,BV10102366,1101路(建设街--大黑石),1
大连,辛寨子广场,121.51161991751013,38.9633006577025,BV10102365,1101路(建设街--大黑石),1
大连,辛寨子,121.50702790852584,38.965980708329674,BV10102363,1101路(建设街--大黑石),1
大连,天虹开发区,121.49855524263063,38.96974434860823,BV10102395,1101路(建设街--大黑石),1
大连,砬子山,121.48646397875882,38.975291929444865,BV10102394,1101路(建设街--大黑石),1
大连,创新公司,121.47783017127857,38.98022270747575,BV10102398,1101路(建设街--大黑石),1
大连,由家村,121.4696114616647,38.98324280625333,BV10102694,1101路(建设街--大黑石),1
大连,翡翠四季,121.45944469289316,38.98118246864575,BV10963958,1101路(建设街--大黑石),1
大连,大东沟,121.45140469639254,38.980174992980174,BV10102691,1101路(建设街--大黑石),1
大连,千红莲养老中心,121.44320776254632,38.98130596388322,BV10102690,1101路(建设街--大黑石),1
大连,乔山墓园,121.4367753923413,38.9872773884603,BV10882892,1101路(建设街--大黑石),1
大连,前牧,121.43412795523625,38.992347831848775,BV10564841,1101路(建设街--大黑石),1
大连,牧城子,121.42675945573451,38.994171871197906,BV10102686,1101路(建设街--大黑石),1
大连,惠通酒家,121.42166229573846,38.99449052493847,BV10102685,1101路(建设街--大黑石),1
大连,和顺园山庄,121.41325421183376,38.99399917769258,BV10509657,1101路(建设街--大黑石),1
大连,沙岗子,121.40726170664276,38.99227671746914,BV10102684,1101路(建设街--大黑石),1
大连,华侨农场,121.40225467624545,38.98983351748327,BV11390402,1101路(建设街--大黑石),1
大连,对门沟,121.39597103416966,38.98808803303403,BV11390401,1101路(建设街--大黑石),1
大连,辅机厂,121.3925456797737,38.986766270964175,BV11390404,1101路(建设街--大黑石),1
大连,营城子镇政府,121.38689100227859,38.98606250184555,BV11390403,1101路(建设街--大黑石),1
大连,营城子,121.38190263424002,38.984184340939954,BV10102679,1101路(建设街--大黑石),1
大连,营城子医院,121.37367147354658,38.98049216217447,BV10102678,1101路(建设街--大黑石),1
大连,金龙寺,121.36190839060751,38.9762762453198,BV10383494,1101路(建设街--大黑石),1
大连,北大科技园,121.3564257551292,38.97324782884422,BV10488963,1101路(建设街--大黑石),1
大连,双台沟,121.34720245840423,38.96769190453239,BV10102675,1101路(建设街--大黑石),1
大连,营缘路,121.33801528250596,38.970180614601546,BV10102674,1101路(建设街--大黑石),1
大连,连盛度假村,121.33142751604356,38.96852592586962,BV10102673,1101路(建设街--大黑石),1
大连,辽宁警察学院,121.32600320052953,38.96726305864762,BV10102672,1101路(建设街--大黑石),1
大连,将军山公园公墓,121.32074752206412,38.966521623345656,BV10497730,1101路(建设街--大黑石),1
大连,海洋大学,121.31688032494299,38.96586344333416,BV10102671,1101路(建设街--大黑石),1
大连,悦海浴场,121.31475470848247,38.96529584026222,BV10102697,1101路(建设街--大黑石),1
大连,观海山庄,121.31078271367822,38.963891183603124,BV10102670,1101路(建设街--大黑石),1
大连,大黑石宾馆,121.30794482005899,38.96235638022933,BV10102669,1101路(建设街--大黑石),1
大连,大黑石,121.30192426893865,38.96108298997036,BV10102668,1101路(建设街--大黑石),1
大连,大黑石,121.30150324915705,38.96104674997067,BV10102668,1101路(大黑石--建设街),2
大连,大黑石宾馆,121.30783908183429,38.96230760429027,BV10102669,1101路(大黑石--建设街),2
大连,观海山庄,121.31083558022377,38.96392106660345,BV10102670,1101路(大黑石--建设街),2
大连,悦海浴场,121.31521554318533,38.965423886141735,BV10102697,1101路(大黑石--建设街),2
大连,海洋大学,121.31722046348678,38.965933750101414,BV10102671,1101路(大黑石--建设街),2
大连,将军山公园公墓,121.3210337948939,38.96657104250256,BV10497730,1101路(大黑石--建设街),2
大连,辽宁警察学院,121.3246406414792,38.96713575587748,BV10102672,1101路(大黑石--建设街),2
大连,连盛度假村,121.33123100870115,38.968472331216084,BV10102673,1101路(大黑石--建设街),2
大连,营缘路,121.33739178449773,38.970095811641485,BV10102674,1101路(大黑石--建设街),2
大连,双台沟,121.34724536682684,38.96766984552199,BV10102675,1101路(大黑石--建设街),2
大连,北大科技园,121.35712737967242,38.973546611651685,BV10488963,1101路(大黑石--建设街),2
大连,金龙寺,121.36164587320954,38.97603374484723,BV10383494,1101路(大黑石--建设街),2
大连,营城子医院,121.37358059697459,38.98038831231729,BV10102678,1101路(大黑石--建设街),2
大连,营城子,121.38262503622583,38.98438076946778,BV10102679,1101路(大黑石--建设街),2
大连,营城子镇政府,121.38645927086216,38.98584482801046,BV11390403,1101路(大黑石--建设街),2
大连,辅机厂,121.39258068020867,38.98669230956917,BV11390404,1101路(大黑石--建设街),2
大连,对门沟,121.39574306630678,38.987917150631695,BV11390401,1101路(大黑石--建设街),2
大连,华侨农场,121.40298389532238,38.990066552416906,BV11390402,1101路(大黑石--建设街),2
大连,沙岗子,121.40746983379866,38.99228580711663,BV10102684,1101路(大黑石--建设街),2
大连,和顺园山庄,121.41330226580074,38.99393425249253,BV10509657,1101路(大黑石--建设街),2
大连,惠通酒家,121.42157017113735,38.994417469223066,BV10102685,1101路(大黑石--建设街),2
大连,牧城子,121.42653707765467,38.99411461485941,BV10102686,1101路(大黑石--建设街),2
大连,前牧,121.43385334106262,38.99259723420365,BV10564841,1101路(大黑石--建设街),2
大连,乔山墓园,121.4367744190811,38.98703153802084,BV10882892,1101路(大黑石--建设街),2
大连,千红莲养老中心,121.44469877827784,38.98048544685164,BV10102690,1101路(大黑石--建设街),2
大连,大东沟,121.44987821256727,38.98027153313352,BV10102691,1101路(大黑石--建设街),2
大连,翡翠四季,121.46000353418464,38.98114188963447,BV10963958,1101路(大黑石--建设街),2
大连,由家村,121.46990752361917,38.9832735966327,BV10102694,1101路(大黑石--建设街),2
大连,辛艺路,121.4779848845175,38.97911782931404,BV09124241,1101路(大黑石--建设街),2
大连,砬子山,121.4880925169488,38.97384664017223,BV10102394,1101路(大黑石--建设街),2
大连,天虹开发区,121.49685450404793,38.969937157352994,BV10102395,1101路(大黑石--建设街),2
大连,辛寨子,121.50626590787576,38.966300281365854,BV10102363,1101路(大黑石--建设街),2
大连,辛寨子广场,121.51109287582948,38.963524006469235,BV10102365,1101路(大黑石--建设街),2
大连,辽无二厂,121.51833456587354,38.95971677297099,BV10102366,1101路(大黑石--建设街),2
大连,逸林街北,121.52349333392516,38.95917608676039,BV09123020,1101路(大黑石--建设街),2
大连,虹港新居,121.52934372056083,38.958554594684635,BV10830761,1101路(大黑石--建设街),2
大连,大商机场前市场,121.53459810822078,38.95771992066516,BV10102617,1101路(大黑石--建设街),2
大连,机场,121.5423959349573,38.95696085903599,BV10102114,1101路(大黑石--建设街),2
大连,迎客路,121.55066049603876,38.95474844161972,BV10102113,1101路(大黑石--建设街),2
大连,迎客广场,121.55487604914066,38.951060967281855,BV10102032,1101路(大黑石--建设街),2
大连,周水前,121.5627761724783,38.946162655690685,BV09007984,1101路(大黑石--建设街),2
大连,刘家桥,121.56728153320186,38.94268725923227,BV10101910,1101路(大黑石--建设街),2
大连,春柳,121.57175372447786,38.939315879803374,BV10101911,1101路(大黑石--建设街),2
大连,车家村,121.57966071201838,38.933295433686666,BV10101913,1101路(大黑石--建设街),2
大连,香工街,121.58556086323941,38.92884669872588,BV10101914,1101路(大黑石--建设街),2
大连,沙河口火车站,121.58703734379192,38.923268430795474,BV10101763,1101路(大黑石--建设街),2
大连,兴工街,121.58589245006897,38.91644816964713,BV10482520,1101路(大黑石--建设街),2
大连,振工街,121.59111382352465,38.91660100750316,BV10101969,1101路(大黑石--建设街),2
大连,五一广场,121.59892061389553,38.9164162701316,BV10101844,1101路(大黑石--建设街),2
大连,大同街,121.6036827331892,38.91416280915926,BV10102006,1101路(大黑石--建设街),2
大连,市政府,121.60895617359206,38.913709009082446,BV10102040,1101路(大黑石--建设街),2
大连,新开路,121.61236457860689,38.9153264896587,BV10101998,1101路(大黑石--建设街),2
大连,北岗桥,121.61154761816687,38.920602018364406,BV10101768,1101路(大黑石--建设街),2
大连,双兴街,121.61673174930537,38.92374657500137,BV10102215,1101路(大黑石--建设街),2
大连,建设小学,121.62282829283158,38.92043995014961,BV11196645,1101路(大黑石--建设街),2
大连,建设街,121.62657890018446,38.924393943720105,BV09022632,1101路(大黑石--建设街),2
大连,沈阳北站,123.43351944640686,41.81463859981587,BV10049323,沈阳-大连开发区(沈阳北站--大连火车站南广场),1
大连,家乐福北站店,123.43682166025651,41.814728175377674,BV10907559,沈阳-大连开发区(沈阳北站--大连火车站南广场),1
大连,惠工广场,123.43522389743529,41.81243245862115,BV10049795,沈阳-大连开发区(沈阳北站--大连火车站南广场),1
大连,惠工街哈尔滨路,123.42946285899205,41.805923512217916,BV10819471,沈阳-大连开发区(沈阳北站--大连火车站南广场),1
大连,市府广场西,123.42638395790397,41.80135333840605,BV11029045,沈阳-大连开发区(沈阳北站--大连火车站南广场),1
大连,青年大街中山路,123.42542247945116,41.79549625628293,BV10845512,沈阳-大连开发区(沈阳北站--大连火车站南广场),1
大连,大西菜行东,123.42706575729828,41.78833868617689,BV10049752,沈阳-大连开发区(沈阳北站--大连火车站南广场),1
大连,彩电塔东,123.42875483879604,41.78417121101355,BV10396206,沈阳-大连开发区(沈阳北站--大连火车站南广场),1
大连,青年公园西,123.42973391408303,41.7802398084519,BV10049754,沈阳-大连开发区(沈阳北站--大连火车站南广场),1
大连,华润中心,123.42943629394588,41.774235678503906,BV10049755,沈阳-大连开发区(沈阳北站--大连火车站南广场),1
大连,文化路立交桥,123.42897185623578,41.76515253937558,BV11147863,沈阳-大连开发区(沈阳北站--大连火车站南广场),1
大连,五里河茂业中心,123.42875812613954,41.76092251089648,BV10049539,沈阳-大连开发区(沈阳北站--大连火车站南广场),1
大连,市儿童活动中心,123.42878970224288,41.757180817389546,BV10049558,沈阳-大连开发区(沈阳北站--大连火车站南广场),1
大连,夏宫,123.42995877828488,41.75538564691048,BV10049538,沈阳-大连开发区(沈阳北站--大连火车站南广场),1
大连,五里河公园西,123.43487409582694,41.74964084482132,BV10049757,沈阳-大连开发区(沈阳北站--大连火车站南广场),1
大连,辽阳收费站,123.09604915900219,41.30267156301404,BV11246560,沈阳-大连开发区(沈阳北站--大连火车站南广场),1
大连,后盐,121.63047219331814,39.03122529905745,BV11222563,沈阳-大连开发区(沈阳北站--大连火车站南广场),1
大连,海达广场,121.59630914768839,38.9305464407283,BV10102078,沈阳-大连开发区(沈阳北站--大连火车站南广场),1
大连,香炉礁,121.5963295462348,38.92698156629481,BV10101771,沈阳-大连开发区(沈阳北站--大连火车站南广场),1
大连,香炉礁南,121.59633986735726,38.92410727719257,BV11246558,沈阳-大连开发区(沈阳北站--大连火车站南广场),1
大连,鞍山路,121.59916309392399,38.92081659329309,BV10101770,沈阳-大连开发区(沈阳北站--大连火车站南广场),1
大连,长春路北,121.60398386557104,38.92093665173201,BV11531775,沈阳-大连开发区(沈阳北站--大连火车站南广场),1
大连,北岗桥,121.6096419144846,38.92103219176908,BV10101768,沈阳-大连开发区(沈阳北站--大连火车站南广场),1
大连,日新街,121.61289753749615,38.920815795838024,BV11514645,沈阳-大连开发区(沈阳北站--大连火车站南广场),1
大连,东关街,121.61666326588703,38.91973402641225,BV10102002,沈阳-大连开发区(沈阳北站--大连火车站南广场),1
大连,香榭里广场,121.6234457447624,38.9183954270053,BV10831519,沈阳-大连开发区(沈阳北站--大连火车站南广场),1
大连,大连火车站,121.6274991982304,38.91909588489052,BV10101894,沈阳-大连开发区(沈阳北站--大连火车站南广场),1
大连,大连火车站南广场,121.62851074921319,38.91899758714567,BV11205419,沈阳-大连开发区(沈阳北站--大连火车站南广场),1
大连,百合山庄,121.50536055719593,38.87702452719449,BV10101737,10路加车(黄河桥)(百合山庄--黄河桥),1
大连,大有恬园,121.50833507839914,38.877271093165305,BV10101738,10路加车(黄河桥)(百合山庄--黄河桥),1
大连,王家村,121.51377699419798,38.87637326757433,BV10101739,10路加车(黄河桥)(百合山庄--黄河桥),1
大连,凌水镇,121.518232639393,38.876353771307926,BV10101740,10路加车(黄河桥)(百合山庄--黄河桥),1
大连,理工大学,121.52193102911363,38.87711043059046,BV11028909,10路加车(黄河桥)(百合山庄--黄河桥),1
大连,凌水路南,121.53075432043067,38.87109867708764,BV11028910,10路加车(黄河桥)(百合山庄--黄河桥),1
大连,海事大学东,121.53351450493747,38.86999702488303,BV09124166,10路加车(黄河桥)(百合山庄--黄河桥),1
大连,轻工学校,121.53691192432272,38.873130215633076,BV10101746,10路加车(黄河桥)(百合山庄--黄河桥),1
大连,学苑广场地铁站,121.54053682704271,38.87397283975572,BV11485284,10路加车(黄河桥)(百合山庄--黄河桥),1
大连,东北财经大学,121.54220528108269,38.877774256806816,BV10101748,10路加车(黄河桥)(百合山庄--黄河桥),1
大连,数码广场,121.54018570135128,38.883628552936486,BV10101749,10路加车(黄河桥)(百合山庄--黄河桥),1
大连,软件园,121.53692849587544,38.88630071664832,BV10101750,10路加车(黄河桥)(百合山庄--黄河桥),1
大连,软件园路,121.54562078727247,38.88768460425878,BV10101751,10路加车(黄河桥)(百合山庄--黄河桥),1
大连,高家村,121.54790770320707,38.889758884101745,BV09332690,10路加车(黄河桥)(百合山庄--黄河桥),1
大连,知邻园,121.55221824981149,38.89313283822129,BV10101764,10路加车(黄河桥)(百合山庄--黄河桥),1
大连,净水厂,121.5572825747807,38.896257385788786,BV09039080,10路加车(黄河桥)(百合山庄--黄河桥),1
大连,熟食品交易中心,121.55815463840057,38.903553463880115,BV10101754,10路加车(黄河桥)(百合山庄--黄河桥),1
大连,黄河桥,121.56248454845574,38.91103023472297,BV10101755,10路加车(黄河桥)(百合山庄--黄河桥),1
大连,黄河桥,121.56188446977134,38.91036382033706,BV10101755,10路加车(黄河桥)(黄河桥--百合山庄),2
大连,熟食品交易中心,121.55787107147626,38.9031962421941,BV10101754,10路加车(黄河桥)(黄河桥--百合山庄),2
大连,净水厂,121.55713426425874,38.89614122314858,BV09039080,10路加车(黄河桥)(黄河桥--百合山庄),2
大连,知邻园,121.551146679434,38.89257526211266,BV10101764,10路加车(黄河桥)(黄河桥--百合山庄),2
大连,高家村,121.54798388337964,38.889941924134334,BV09332690,10路加车(黄河桥)(黄河桥--百合山庄),2
大连,软件园路,121.54439741799492,38.88753521740147,BV10101751,10路加车(黄河桥)(黄河桥--百合山庄),2
大连,软件园,121.53669676112527,38.88642511280414,BV10101750,10路加车(黄河桥)(黄河桥--百合山庄),2
大连,数码广场,121.53956884191265,38.88377511284748,BV10101749,10路加车(黄河桥)(黄河桥--百合山庄),2
大连,东北财经大学,121.54178698216276,38.87854392735145,BV10101748,10路加车(黄河桥)(黄河桥--百合山庄),2
大连,学苑广场地铁站,121.54055587354148,38.87406083113873,BV11485284,10路加车(黄河桥)(黄河桥--百合山庄),2
大连,轻工学校,121.53662402792105,38.87313555103056,BV10101746,10路加车(黄河桥)(黄河桥--百合山庄),2
大连,海事大学,121.53263373774088,38.869154380104106,BV10101745,10路加车(黄河桥)(黄河桥--百合山庄),2
大连,凌水路南,121.52996961388165,38.87183231065076,BV11028910,10路加车(黄河桥)(黄河桥--百合山庄),2
大连,理工大学,121.52198522140147,38.8771335631655,BV11028909,10路加车(黄河桥)(黄河桥--百合山庄),2
大连,凌水镇,121.51792750786367,38.876399900545096,BV10101740,10路加车(黄河桥)(黄河桥--百合山庄),2
大连,王家村,121.51393257628635,38.876423680546814,BV10101739,10路加车(黄河桥)(黄河桥--百合山庄),2
大连,大有恬园,121.50785019230139,38.87736362712572,BV10101738,10路加车(黄河桥)(黄河桥--百合山庄),2
大连,百合山庄,121.50237288966365,38.876841809588896,BV10101737,10路加车(黄河桥)(黄河桥--百合山庄),2
大连,香炉礁地铁站,121.59774639814293,38.92816058464429,BV09124240,21路(香炉礁地铁站--龙华路地铁站),1
大连,工人村,121.59275832907721,38.933924730821005,BV09303679,21路(香炉礁地铁站--龙华路地铁站),1
大连,春光街,121.58445016640253,38.93754112050471,BV10102069,21路(香炉礁地铁站--龙华路地铁站),1
大连,春柳河,121.58209755872821,38.94506062507416,BV10101775,21路(香炉礁地铁站--龙华路地铁站),1
大连,亿达世纪城,121.58279451805423,38.95040470781558,BV10101776,21路(香炉礁地铁站--龙华路地铁站),1
大连,大纺,121.5849565688085,38.954885823015424,BV10101777,21路(香炉礁地铁站--龙华路地铁站),1
大连,金三角市场,121.58626653365643,38.96246561576851,BV10101778,21路(香炉礁地铁站--龙华路地铁站),1
大连,金三角,121.58297059033642,38.96887155037789,BV10101779,21路(香炉礁地铁站--龙华路地铁站),1
大连,千山路,121.58466893765576,38.97671240816734,BV10867877,21路(香炉礁地铁站--龙华路地铁站),1
大连,天河路,121.58733402078845,38.98127537830311,BV10101782,21路(香炉礁地铁站--龙华路地铁站),1
大连,天洋路,121.59071494871448,38.98593203688981,BV10101783,21路(香炉礁地铁站--龙华路地铁站),1
大连,三道沟,121.59207491140113,38.98987067883858,BV10101784,21路(香炉礁地铁站--龙华路地铁站),1
大连,三道沟净水厂,121.59675925293115,38.992279804505294,BV10102126,21路(香炉礁地铁站--龙华路地铁站),1
大连,友好园,121.60097233506498,38.996342141540474,BV10102141,21路(香炉礁地铁站--龙华路地铁站),1
大连,金色阳光家园二期,121.60100961725317,39.002676214345954,BV10102269,21路(香炉礁地铁站--龙华路地铁站),1
大连,锦泉园,121.59722391622901,39.00417736592006,BV10102272,21路(香炉礁地铁站--龙华路地铁站),1
大连,芙蓉泉街,121.59770643981653,39.008278723899444,BV10102271,21路(香炉礁地铁站--龙华路地铁站),1
大连,源泉路,121.60422595429127,39.00868910415079,BV10102140,21路(香炉礁地铁站--龙华路地铁站),1
大连,泉水小学,121.60472956332839,39.0103638108624,BV10805919,21路(香炉礁地铁站--龙华路地铁站),1
大连,嘉合物业虹德养老中心,121.60808374763022,39.01156909827755,BV11533641,21路(香炉礁地铁站--龙华路地铁站),1
大连,泉华小区,121.61209395736388,39.01205086983558,BV10102132,21路(香炉礁地铁站--龙华路地铁站),1
大连,汽车学院,121.61793270149975,39.01139793503334,BV10102139,21路(香炉礁地铁站--龙华路地铁站),1
大连,龙畔五期,121.62184239186692,39.01054322034294,BV10102138,21路(香炉礁地铁站--龙华路地铁站),1
大连,博思中学,121.62773028391915,39.01330118853673,BV10102137,21路(香炉礁地铁站--龙华路地铁站),1
大连,半岛欣座,121.63149562486323,39.01332095602104,BV10102136,21路(香炉礁地铁站--龙华路地铁站),1
大连,龙华路地铁站,121.63555688580358,39.0143052916037,BV09122652,21路(香炉礁地铁站--龙华路地铁站),1
大连,龙华路地铁站,121.63514461144831,39.01404408694976,BV09122652,21路(龙华路地铁站--香炉礁地铁站),2
大连,半岛欣座,121.6315485329165,39.01340083036934,BV10102136,21路(龙华路地铁站--香炉礁地铁站),2
大连,博思中学,121.62776322501757,39.013404080822525,BV10102137,21路(龙华路地铁站--香炉礁地铁站),2
大连,龙畔五期,121.62222392317,39.010584753152195,BV10102138,21路(龙华路地铁站--香炉礁地铁站),2
大连,汽车学院,121.61808353498321,39.01147473335964,BV10102139,21路(龙华路地铁站--香炉礁地铁站),2
大连,泉华小区,121.61191907996769,39.01216493973991,BV10102132,21路(龙华路地铁站--香炉礁地铁站),2
大连,嘉合物业虹德养老中心,121.60792982560683,39.01167113506709,BV11533641,21路(龙华路地铁站--香炉礁地铁站),2
大连,泉水小学,121.60479751576005,39.01053466968096,BV10805919,21路(龙华路地铁站--香炉礁地铁站),2
大连,源泉路,121.60396703992687,39.00881215555772,BV10102140,21路(龙华路地铁站--香炉礁地铁站),2
大连,芙蓉泉街,121.5977184291587,39.00836866550468,BV10102271,21路(龙华路地铁站--香炉礁地铁站),2
大连,锦泉园,121.59705697112203,39.00371368630932,BV10102272,21路(龙华路地铁站--香炉礁地铁站),2
大连,金色阳光家园二期,121.60079567767306,39.002553367477745,BV10102269,21路(龙华路地铁站--香炉礁地铁站),2
大连,友好园,121.60088933145508,38.996537051247564,BV10102141,21路(龙华路地铁站--香炉礁地铁站),2
大连,三道沟净水厂,121.59685923158689,38.99247066814041,BV10102126,21路(龙华路地铁站--香炉礁地铁站),2
大连,三道沟,121.59058151267456,38.989425875107706,BV10101784,21路(龙华路地铁站--香炉礁地铁站),2
大连,天洋路,121.58927556239313,38.98456871567905,BV10101783,21路(龙华路地铁站--香炉礁地铁站),2
大连,天河路,121.58690477479044,38.98142118617389,BV10101782,21路(龙华路地铁站--香炉礁地铁站),2
大连,千山路,121.58462682432263,38.97747192772675,BV10867877,21路(龙华路地铁站--香炉礁地铁站),2
大连,金三角,121.58256230220854,38.96859953931518,BV10101779,21路(龙华路地铁站--香炉礁地铁站),2
大连,金三角市场,121.58639446657901,38.9637288810387,BV10101778,21路(龙华路地铁站--香炉礁地铁站),2
大连,大纺,121.58475124720503,38.956546744751556,BV10101777,21路(龙华路地铁站--香炉礁地铁站),2
大连,亿达世纪城,121.58204198903529,38.94975276381452,BV10101776,21路(龙华路地铁站--香炉礁地铁站),2
大连,春柳河壹品天城,121.58192422936318,38.94673253449486,BV11598244,21路(龙华路地铁站--香炉礁地铁站),2
大连,春光街,121.584485213254,38.93733625609488,BV10102069,21路(龙华路地铁站--香炉礁地铁站),2
大连,工人村,121.592652314433,38.93384278080191,BV09303679,21路(龙华路地铁站--香炉礁地铁站),2
大连,香炉礁地铁站,121.59774639959345,38.92814759239973,BV09124240,21路(龙华路地铁站--香炉礁地铁站),2
大连,兴工街,121.58609956569457,38.916522185821236,BV10482520,505路区间(晚高峰)(兴工街--彩霞园),1
大连,机车厂,121.5802869790834,38.91824575111085,BV10101830,505路区间(晚高峰)(兴工街--彩霞园),1
大连,兴工南五街,121.57728719215798,38.91621411392668,BV09124168,505路区间(晚高峰)(兴工街--彩霞园),1
大连,十三中学,121.57316464091251,38.912479132791574,BV09335395,505路区间(晚高峰)(兴工街--彩霞园),1
大连,沙区医院,121.56934103788063,38.91378672806102,BV10102356,505路区间(晚高峰)(兴工街--彩霞园),1
大连,新建小学,121.56864335224371,38.91918080404165,BV10102355,505路区间(晚高峰)(兴工街--彩霞园),1
大连,通信电缆厂,121.56804996956565,38.92312182413893,BV10101993,505路区间(晚高峰)(兴工街--彩霞园),1
大连,富民东路,121.56511871132184,38.92598473368471,BV10102153,505路区间(晚高峰)(兴工街--彩霞园),1
大连,富民中路,121.56030676807087,38.924480269338666,BV10102157,505路区间(晚高峰)(兴工街--彩霞园),1
大连,富民广场,121.55736356619995,38.92472375411286,BV10102152,505路区间(晚高峰)(兴工街--彩霞园),1
大连,马栏小学,121.55254060793636,38.92369744068213,BV10102151,505路区间(晚高峰)(兴工街--彩霞园),1
大连,马栏北街,121.5489595633864,38.92443552655384,BV10102150,505路区间(晚高峰)(兴工街--彩霞园),1
大连,前景街,121.54640366740678,38.925588922375205,BV10102354,505路区间(晚高峰)(兴工街--彩霞园),1
大连,彩霞园,121.5450467378657,38.92751006950216,BV10102353,505路区间(晚高峰)(兴工街--彩霞园),1
大连,彩霞园,121.5453315334611,38.92742769246595,BV10102353,505路区间(晚高峰)(彩霞园--兴工街),2
大连,前景街,121.546125916861,38.92556338872102,BV10102354,505路区间(晚高峰)(彩霞园--兴工街),2
大连,马栏北街,121.54890240261153,38.9245493514946,BV10102150,505路区间(晚高峰)(彩霞园--兴工街),2
大连,马栏小学,121.55267693076131,38.92375164513218,BV10102151,505路区间(晚高峰)(彩霞园--兴工街),2
大连,富民广场,121.55716414094513,38.92464049462248,BV10102152,505路区间(晚高峰)(彩霞园--兴工街),2
大连,富民中路,121.56050617686638,38.924419588512805,BV10102157,505路区间(晚高峰)(彩霞园--兴工街),2
大连,富民东路,121.56545930642719,38.926009131771856,BV10102153,505路区间(晚高峰)(彩霞园--兴工街),2
大连,通信电缆厂,121.56789770285677,38.923316541661244,BV10101993,505路区间(晚高峰)(彩霞园--兴工街),2
大连,新建小学,121.56864145285535,38.918253351694034,BV10102355,505路区间(晚高峰)(彩霞园--兴工街),2
大连,沙区医院,121.56933507348724,38.91338595846745,BV10102356,505路区间(晚高峰)(彩霞园--兴工街),2
大连,十三中学,121.5730845505831,38.91233914590766,BV09335395,505路区间(晚高峰)(彩霞园--兴工街),2
大连,兴工南五街,121.57744034592172,38.916325151974675,BV09124168,505路区间(晚高峰)(彩霞园--兴工街),2
大连,机车厂,121.57967739612457,38.918350347980535,BV10101830,505路区间(晚高峰)(彩霞园--兴工街),2
大连,兴工街,121.5873312862092,38.91622168067113,BV10482520,505路区间(晚高峰)(彩霞园--兴工街),2
大连,石葵路西,121.62305178333247,38.895699229617016,BV09122864,17路(石葵路西--沙河口火车站),1
大连,南石道街,121.61980116710093,38.89104562458593,BV10101866,17路(石葵路西--沙河口火车站),1
大连,白云山洞,121.61324548102374,38.89191446623768,BV10102016,17路(石葵路西--沙河口火车站),1
大连,白云新村,121.60492383327711,38.89993354508185,BV10102015,17路(石葵路西--沙河口火车站),1
大连,正仁街,121.6001246442502,38.90562526500787,BV10101856,17路(石葵路西--沙河口火车站),1
大连,同泰街,121.59381635910876,38.9085967365523,BV10101804,17路(石葵路西--沙河口火车站),1
大连,联合路地铁站,121.59297761093397,38.91390164235905,BV09124262,17路(石葵路西--沙河口火车站),1
大连,民权街,121.59275840134801,38.91535678580472,BV10102018,17路(石葵路西--沙河口火车站),1
大连,振工街,121.58967092721741,38.920076812297175,BV10101969,17路(石葵路西--沙河口火车站),1
大连,沙河口火车站,121.58744947044046,38.92408404186353,BV10101763,17路(石葵路西--沙河口火车站),1
大连,沙河口火车站,121.58734343732213,38.92388713498372,BV10101763,17路(沙河口火车站--石葵路西),2
大连,振工街,121.58979303126365,38.91957012793307,BV10101969,17路(沙河口火车站--石葵路西),2
大连,五四广场,121.58665125167936,38.913225284709796,BV10101760,17路(沙河口火车站--石葵路西),2
大连,至诚街,121.58811230747328,38.910576179295035,BV10101765,17路(沙河口火车站--石葵路西),2
大连,同泰街,121.59487272864466,38.906558849754646,BV10101804,17路(沙河口火车站--石葵路西),2
大连,正仁街,121.60015555593536,38.90636781911835,BV10101856,17路(沙河口火车站--石葵路西),2
大连,白云新村,121.60431001542099,38.900552498823345,BV10102015,17路(沙河口火车站--石葵路西),2
大连,白云山洞,121.61323549745678,38.891841516996394,BV10102016,17路(沙河口火车站--石葵路西),2
大连,南石道街,121.62117651550723,38.89167274084451,BV10101866,17路(沙河口火车站--石葵路西),2
大连,石葵路西,121.62306679167713,38.8954563530172,BV09122864,17路(沙河口火车站--石葵路西),2
大连,星海公园,121.55813139504657,38.878445957775526,BV10101814,15路(星海公园--明泽街),1
大连,富华街,121.55669584643276,38.88232052241978,BV10101813,15路(星海公园--明泽街),1
大连,孙家沟,121.55546371360568,38.885672626436666,BV10101812,15路(星海公园--明泽街),1
大连,徐州街,121.55506755777584,38.88793267757838,BV10101811,15路(星海公园--明泽街),1
大连,莱州街,121.55745957881298,38.8907168734233,BV10101810,15路(星海公园--明泽街),1
大连,净水厂,121.55871263433839,38.896273549658325,BV09039080,15路(星海公园--明泽街),1
大连,台山村,121.56180875976004,38.89750624621653,BV10101809,15路(星海公园--明泽街),1
大连,南沙街,121.56957796261086,38.89978519099595,BV10101808,15路(星海公园--明泽街),1
大连,汉阳街,121.5740888590198,38.90332529224951,BV10101807,15路(星海公园--明泽街),1
大连,解放广场,121.58439055764082,38.90678237476411,BV10101805,15路(星海公园--明泽街),1
大连,同泰街,121.59327748594373,38.90659793519352,BV10101804,15路(星海公园--明泽街),1
大连,奥林匹克广场,121.60293854502991,38.9091730934754,BV10101803,15路(星海公园--明泽街),1
大连,一二九街,121.61762814870607,38.91209558965885,BV10101799,15路(星海公园--明泽街),1
大连,希望广场,121.6249183918879,38.91338758576727,BV10101828,15路(星海公园--明泽街),1
大连,青泥洼桥,121.62624931920885,38.91580746706387,BV10101766,15路(星海公园--明泽街),1
大连,友好广场,121.6347359697574,38.91920449875356,BV10101797,15路(星海公园--明泽街),1
大连,中山广场,121.64078413451615,38.92122167858225,BV09007797,15路(星海公园--明泽街),1
大连,人民路,121.64520663487687,38.92258635313475,BV10101794,15路(星海公园--明泽街),1
大连,明泽街,121.64773593143337,38.9203012602298,BV10101793,15路(星海公园--明泽街),1
大连,明泽街,121.64774391726792,38.920286254927625,BV10101793,15路(明泽街--星海公园),2
大连,人民路,121.64389219285921,38.922308789166145,BV10101794,15路(明泽街--星海公园),2
大连,中山广场,121.64051462250568,38.92127209437747,BV09007797,15路(明泽街--星海公园),2
大连,友好广场,121.63500147595268,38.91964982982087,BV10101797,15路(明泽街--星海公园),2
大连,青泥洼桥,121.62647592742921,38.91650676039798,BV10101766,15路(明泽街--星海公园),2
大连,一二九街,121.61699875700378,38.912365058053,BV10101799,15路(明泽街--星海公园),2
大连,人民广场,121.61114096236848,38.911271854941766,BV10101801,15路(明泽街--星海公园),2
大连,奥林匹克广场,121.6044699162481,38.90983097699111,BV10101803,15路(明泽街--星海公园),2
大连,同泰街,121.5926123331977,38.90670688357184,BV10101804,15路(明泽街--星海公园),2
大连,解放广场,121.58499495461245,38.906861538623126,BV10101805,15路(明泽街--星海公园),2
大连,汉阳街,121.57423001012184,38.903571264138634,BV10101807,15路(明泽街--星海公园),2
大连,南沙街,121.56934262995102,38.899547087628726,BV10101808,15路(明泽街--星海公园),2
大连,台山村,121.5622505950973,38.89766075324893,BV10101809,15路(明泽街--星海公园),2
大连,净水厂,121.55856432009443,38.896288319592706,BV09039080,15路(明泽街--星海公园),2
大连,莱州街,121.55754557850905,38.892386039322396,BV10101810,15路(明泽街--星海公园),2
大连,徐州街,121.55490618721691,38.88793641043036,BV10101811,15路(明泽街--星海公园),2
大连,孙家沟,121.55538960830756,38.88510883059099,BV10101812,15路(明泽街--星海公园),2
大连,富华街,121.55653850615012,38.88225231354573,BV10101813,15路(明泽街--星海公园),2
大连,星海公园,121.55810939118874,38.87806014494426,BV10101814,15路(明泽街--星海公园),2
